CustomerID,Segment,Region,PlanID,SignupDate
C1001,SMB,EMEA,P1,2024-05-01
C1002,SMB,EMEA,P1,2024-01-01
C1003,SMB,EMEA,P1,2023-03-01
C1004,SMB,EMEA,P1,2024-08-01
C1005,Mid-Market,NA,P2,2024-08-01
C1006,SMB,EMEA,P1,2023-03-01
C1007,Mid-Market,EMEA,P2,2023-12-01
C1008,Mid-Market,EMEA,P2,2024-03-01
C1009,SMB,NA,P1,2024-04-01
C1010,SMB,EMEA,P1,2024-05-01
C1011,Mid-Market,APAC,P2,2023-09-01
C1012,SMB,APAC,P1,2023-06-01
C1013,SMB,EMEA,P1,2023-08-01
C1014,Mid-Market,NA,P2,2023-09-01
C1015,Mid-Market,NA,P2,2024-07-01
C1016,Enterprise,APAC,P3,2024-06-01
C1017,SMB,NA,P1,2023-08-01
C1018,SMB,EMEA,P1,2023-09-01
C1019,Mid-Market,NA,P2,2023-12-01
C1020,Mid-Market,EMEA,P2,2024-06-01
C1021,SMB,EMEA,P1,2024-01-01
C1022,SMB,EMEA,P1,2023-03-01
C1023,SMB,EMEA,P1,2024-07-01
C1024,SMB,EMEA,P1,2023-10-01
C1025,SMB,EMEA,P1,2023-10-01
C1026,SMB,EMEA,P1,2023-06-01
C1027,SMB,NA,P1,2023-03-01
C1028,Enterprise,EMEA,P3,2023-07-01
C1029,Enterprise,EMEA,P3,2024-01-01
C1030,SMB,EMEA,P1,2023-05-01
C1031,SMB,EMEA,P1,2024-05-01
C1032,Mid-Market,EMEA,P2,2023-07-01
C1033,SMB,APAC,P1,2023-06-01
C1034,Mid-Market,EMEA,P2,2024-08-01
C1035,Mid-Market,NA,P2,2023-03-01
C1036,SMB,EMEA,P1,2023-10-01
C1037,SMB,NA,P1,2023-06-01
C1038,Enterprise,NA,P3,2023-12-01
C1039,Enterprise,APAC,P3,2023-04-01
C1040,Mid-Market,NA,P2,2023-11-01
C1041,SMB,NA,P1,2024-02-01
C1042,Enterprise,APAC,P3,2023-03-01
C1043,Mid-Market,EMEA,P2,2024-08-01
C1044,Enterprise,APAC,P3,2024-05-01
C1045,SMB,EMEA,P1,2023-11-01
C1046,SMB,EMEA,P1,2024-06-01
C1047,Enterprise,NA,P3,2024-06-01
C1048,SMB,EMEA,P1,2024-04-01
C1049,SMB,NA,P1,2023-03-01
C1050,Enterprise,APAC,P3,2023-07-01
C1051,Mid-Market,EMEA,P2,2024-02-01
C1052,SMB,NA,P1,2023-09-01
C1053,SMB,EMEA,P1,2024-05-01
C1054,Mid-Market,EMEA,P2,2024-08-01
C1055,SMB,NA,P1,2024-01-01
C1056,SMB,APAC,P1,2024-07-01
C1057,SMB,EMEA,P1,2023-10-01
C1058,SMB,EMEA,P1,2023-05-01
C1059,SMB,EMEA,P1,2023-05-01
C1060,SMB,EMEA,P1,2023-07-01
C1061,SMB,EMEA,P1,2023-07-01
C1062,Mid-Market,APAC,P2,2024-07-01
C1063,SMB,NA,P1,2024-05-01
C1064,SMB,EMEA,P1,2024-05-01
C1065,SMB,EMEA,P1,2023-06-01
C1066,SMB,APAC,P1,2023-06-01
C1067,Mid-Market,APAC,P2,2023-06-01
C1068,SMB,APAC,P1,2024-05-01
C1069,Enterprise,APAC,P3,2024-08-01
C1070,SMB,EMEA,P1,2024-01-01
C1071,Enterprise,APAC,P3,2024-02-01
C1072,SMB,APAC,P1,2024-03-01
C1073,Enterprise,NA,P3,2023-12-01
C1074,SMB,APAC,P1,2023-11-01
C1075,Mid-Market,EMEA,P2,2023-03-01
C1076,SMB,APAC,P1,2024-02-01
C1077,SMB,EMEA,P1,2023-03-01
C1078,Mid-Market,NA,P2,2024-07-01
C1079,SMB,APAC,P1,2023-04-01
C1080,Enterprise,EMEA,P3,2024-06-01
C1081,Mid-Market,EMEA,P2,2024-06-01
C1082,Enterprise,NA,P3,2024-05-01
C1083,Mid-Market,EMEA,P2,2024-07-01
C1084,SMB,EMEA,P1,2023-04-01
C1085,SMB,EMEA,P1,2023-10-01
C1086,SMB,APAC,P1,2023-11-01
C1087,SMB,NA,P1,2024-06-01
C1088,SMB,EMEA,P1,2024-05-01
C1089,SMB,EMEA,P1,2023-12-01
C1090,Enterprise,EMEA,P3,2024-06-01
C1091,SMB,NA,P1,2024-09-01
C1092,SMB,APAC,P1,2024-09-01
C1093,Mid-Market,NA,P2,2024-09-01
C1094,SMB,NA,P1,2024-10-01
C1095,Enterprise,EMEA,P3,2024-10-01
C1096,SMB,EMEA,P1,2024-10-01
C1097,Mid-Market,EMEA,P2,2024-10-01
C1098,Mid-Market,NA,P2,2024-10-01
C1099,SMB,NA,P1,2024-10-01
C1100,SMB,EMEA,P1,2024-11-01
C1101,Enterprise,EMEA,P3,2024-11-01
C1102,Mid-Market,APAC,P2,2024-11-01
C1103,SMB,EMEA,P1,2024-11-01
C1104,Mid-Market,EMEA,P2,2024-12-01
C1105,Mid-Market,NA,P2,2024-12-01
C1106,SMB,EMEA,P1,2024-12-01
C1107,Enterprise,NA,P3,2025-01-01
C1108,SMB,EMEA,P1,2025-01-01
C1109,Mid-Market,EMEA,P2,2025-02-01
C1110,SMB,EMEA,P1,2025-02-01
C1111,Enterprise,NA,P3,2025-02-01
C1112,Enterprise,APAC,P3,2025-02-01
C1113,Mid-Market,NA,P2,2025-03-01
C1114,SMB,NA,P1,2025-03-01
C1115,Enterprise,APAC,P3,2025-03-01
C1116,Enterprise,EMEA,P3,2025-04-01
C1117,SMB,NA,P1,2025-04-01
C1118,SMB,EMEA,P1,2025-04-01
C1119,Mid-Market,EMEA,P2,2025-05-01
C1120,Enterprise,APAC,P3,2025-05-01
C1121,Enterprise,APAC,P3,2025-05-01
C1122,SMB,NA,P1,2025-06-01
C1123,SMB,EMEA,P1,2025-06-01
C1124,SMB,EMEA,P1,2025-06-01
C1125,Enterprise,EMEA,P3,2025-06-01
C1126,SMB,NA,P1,2025-07-01
C1127,SMB,EMEA,P1,2025-07-01
C1128,SMB,NA,P1,2025-07-01
C1129,Mid-Market,EMEA,P2,2025-08-01
C1130,Enterprise,NA,P3,2025-08-01
C1131,Enterprise,EMEA,P3,2025-08-01
C1132,Enterprise,EMEA,P3,2025-08-01
C1133,SMB,NA,P1,2025-09-01
C1134,SMB,NA,P1,2025-09-01
C1135,SMB,APAC,P1,2025-09-01
C1136,SMB,APAC,P1,2025-09-01
C1137,SMB,NA,P1,2025-10-01
C1138,SMB,APAC,P1,2025-10-01
C1139,SMB,NA,P1,2025-10-01
C1140,SMB,EMEA,P1,2025-11-01
C1141,Mid-Market,EMEA,P2,2025-11-01
C1142,SMB,APAC,P1,2025-11-01
C1143,SMB,NA,P1,2025-12-01
C1144,SMB,NA,P1,2025-12-01
C1145,Mid-Market,EMEA,P2,2025-12-01
C1146,Mid-Market,EMEA,P2,2025-12-01
C1147,Mid-Market,EMEA,P2,2026-01-01
C1148,SMB,EMEA,P1,2026-01-01
C1149,SMB,EMEA,P1,2026-01-01
C1150,Mid-Market,EMEA,P2,2026-02-01
C1151,SMB,NA,P1,2026-02-01
C1152,SMB,NA,P1,2026-02-01
C1153,Enterprise,NA,P3,2026-02-01
C1154,Mid-Market,EMEA,P2,2026-02-01
C1155,Mid-Market,NA,P2,2026-02-01
C1156,Mid-Market,NA,P2,2026-03-01
C1157,Mid-Market,EMEA,P2,2026-03-01
C1158,SMB,EMEA,P1,2026-04-01
C1159,Enterprise,NA,P3,2026-04-01
C1160,Mid-Market,EMEA,P2,2026-04-01
C1161,SMB,NA,P1,2026-05-01
C1162,SMB,EMEA,P1,2026-05-01
C1163,Mid-Market,EMEA,P2,2026-05-01
C1164,Mid-Market,NA,P2,2026-05-01
C1165,SMB,EMEA,P1,2026-05-01
C1166,SMB,APAC,P1,2026-05-01
C1167,SMB,NA,P1,2026-06-01
C1168,Enterprise,EMEA,P3,2026-06-01
C1169,SMB,EMEA,P1,2026-06-01
C1170,SMB,NA,P1,2026-06-01
C1171,SMB,NA,P1,2026-06-01
C1172,SMB,APAC,P1,2026-06-01
C1173,SMB,APAC,P1,2026-07-01
C1174,SMB,EMEA,P1,2026-07-01
C1175,Enterprise,EMEA,P3,2026-07-01
C1176,Mid-Market,APAC,P2,2026-07-01
C1177,SMB,NA,P1,2026-07-01
C1178,SMB,EMEA,P1,2026-07-01
C1179,SMB,EMEA,P1,2026-08-01
C1180,SMB,EMEA,P1,2026-08-01
C1181,SMB,EMEA,P1,2026-08-01
C1182,SMB,NA,P1,2026-08-01
C1183,Mid-Market,EMEA,P2,2026-08-01
