Month,Year,Quarter,MonthNumber,MonthName,FiscalYear
2024-09-01,2024,Q3,9,Sep-2024,2024
2024-10-01,2024,Q4,10,Oct-2024,2024
2024-11-01,2024,Q4,11,Nov-2024,2024
2024-12-01,2024,Q4,12,Dec-2024,2024
2025-01-01,2025,Q1,1,Jan-2025,2025
2025-02-01,2025,Q1,2,Feb-2025,2025
2025-03-01,2025,Q1,3,Mar-2025,2025
2025-04-01,2025,Q2,4,Apr-2025,2025
2025-05-01,2025,Q2,5,May-2025,2025
2025-06-01,2025,Q2,6,Jun-2025,2025
2025-07-01,2025,Q3,7,Jul-2025,2025
2025-08-01,2025,Q3,8,Aug-2025,2025
2025-09-01,2025,Q3,9,Sep-2025,2025
2025-10-01,2025,Q4,10,Oct-2025,2025
2025-11-01,2025,Q4,11,Nov-2025,2025
2025-12-01,2025,Q4,12,Dec-2025,2025
2026-01-01,2026,Q1,1,Jan-2026,2026
2026-02-01,2026,Q1,2,Feb-2026,2026
2026-03-01,2026,Q1,3,Mar-2026,2026
2026-04-01,2026,Q2,4,Apr-2026,2026
2026-05-01,2026,Q2,5,May-2026,2026
2026-06-01,2026,Q2,6,Jun-2026,2026
2026-07-01,2026,Q3,7,Jul-2026,2026
2026-08-01,2026,Q3,8,Aug-2026,2026
