CustomerID,Segment,Region,PlanID,Month,MRR,MRRDelta,COGS,MovementType
C1091,SMB,NA,P1,2024-09-01,88.89,88.89,29.48,New
C1092,SMB,APAC,P1,2024-09-01,112.39,112.39,26.83,New
C1093,Mid-Market,NA,P2,2024-09-01,576.0,576.0,160.82,New
C1091,SMB,NA,P1,2024-10-01,88.89,0.0,28.67,Renewal
C1092,SMB,APAC,P1,2024-10-01,112.39,0.0,31.84,Renewal
C1093,Mid-Market,NA,P2,2024-10-01,576.0,0.0,151.81,Renewal
C1094,SMB,NA,P1,2024-10-01,106.38,106.38,25.14,New
C1095,Enterprise,EMEA,P3,2024-10-01,2316.77,2316.77,438.59,New
C1096,SMB,EMEA,P1,2024-10-01,103.7,103.7,34.7,New
C1097,Mid-Market,EMEA,P2,2024-10-01,528.49,528.49,162.8,New
C1098,Mid-Market,NA,P2,2024-10-01,509.49,509.49,140.61,New
C1099,SMB,NA,P1,2024-10-01,85.16,85.16,21.36,New
C1091,SMB,NA,P1,2024-11-01,88.89,0.0,22.43,Renewal
C1092,SMB,APAC,P1,2024-11-01,112.39,0.0,34.72,Renewal
C1093,Mid-Market,NA,P2,2024-11-01,576.0,0.0,177.21,Renewal
C1094,SMB,NA,P1,2024-11-01,106.38,0.0,35.43,Renewal
C1095,Enterprise,EMEA,P3,2024-11-01,2316.77,0.0,597.7,Renewal
C1096,SMB,EMEA,P1,2024-11-01,103.7,0.0,30.73,Renewal
C1097,Mid-Market,EMEA,P2,2024-11-01,528.49,0.0,111.03,Renewal
C1098,Mid-Market,NA,P2,2024-11-01,509.49,0.0,111.78,Renewal
C1099,SMB,NA,P1,2024-11-01,0.0,-85.16,0.0,Churn
C1100,SMB,EMEA,P1,2024-11-01,88.42,88.42,25.73,New
C1101,Enterprise,EMEA,P3,2024-11-01,1725.14,1725.14,312.11,New
C1102,Mid-Market,APAC,P2,2024-11-01,551.18,551.18,116.95,New
C1103,SMB,EMEA,P1,2024-11-01,96.6,96.6,28.93,New
C1091,SMB,NA,P1,2024-12-01,88.89,0.0,17.85,Renewal
C1092,SMB,APAC,P1,2024-12-01,112.39,0.0,25.19,Renewal
C1093,Mid-Market,NA,P2,2024-12-01,576.0,0.0,153.13,Renewal
C1094,SMB,NA,P1,2024-12-01,106.38,0.0,32.32,Renewal
C1095,Enterprise,EMEA,P3,2024-12-01,2316.77,0.0,568.06,Renewal
C1096,SMB,EMEA,P1,2024-12-01,103.7,0.0,24.23,Renewal
C1097,Mid-Market,EMEA,P2,2024-12-01,528.49,0.0,150.86,Renewal
C1098,Mid-Market,NA,P2,2024-12-01,509.49,0.0,116.4,Renewal
C1100,SMB,EMEA,P1,2024-12-01,88.42,0.0,22.0,Renewal
C1101,Enterprise,EMEA,P3,2024-12-01,1725.14,0.0,439.31,Renewal
C1102,Mid-Market,APAC,P2,2024-12-01,713.72,162.54,215.48,Expansion
C1103,SMB,EMEA,P1,2024-12-01,96.6,0.0,28.85,Renewal
C1104,Mid-Market,EMEA,P2,2024-12-01,525.66,525.66,140.98,New
C1105,Mid-Market,NA,P2,2024-12-01,605.3,605.3,127.86,New
C1106,SMB,EMEA,P1,2024-12-01,94.02,94.02,23.99,New
C1091,SMB,NA,P1,2025-01-01,88.89,0.0,21.31,Renewal
C1092,SMB,APAC,P1,2025-01-01,112.39,0.0,26.59,Renewal
C1093,Mid-Market,NA,P2,2025-01-01,576.0,0.0,182.45,Renewal
C1094,SMB,NA,P1,2025-01-01,106.38,0.0,27.55,Renewal
C1095,Enterprise,EMEA,P3,2025-01-01,1906.73,-410.04,463.55,Contraction
C1096,SMB,EMEA,P1,2025-01-01,103.7,0.0,33.1,Renewal
C1097,Mid-Market,EMEA,P2,2025-01-01,661.03,132.54,177.97,Expansion
C1098,Mid-Market,NA,P2,2025-01-01,509.49,0.0,132.01,Renewal
C1100,SMB,EMEA,P1,2025-01-01,0.0,-88.42,0.0,Churn
C1101,Enterprise,EMEA,P3,2025-01-01,1725.14,0.0,435.16,Renewal
C1102,Mid-Market,APAC,P2,2025-01-01,713.72,0.0,166.79,Renewal
C1103,SMB,EMEA,P1,2025-01-01,96.6,0.0,19.67,Renewal
C1104,Mid-Market,EMEA,P2,2025-01-01,680.02,154.36,150.46,Expansion
C1105,Mid-Market,NA,P2,2025-01-01,605.3,0.0,189.37,Renewal
C1106,SMB,EMEA,P1,2025-01-01,94.02,0.0,32.26,Renewal
C1107,Enterprise,NA,P3,2025-01-01,2028.31,2028.31,550.66,New
C1108,SMB,EMEA,P1,2025-01-01,114.07,114.07,29.15,New
C1091,SMB,NA,P1,2025-02-01,88.89,0.0,17.98,Renewal
C1092,SMB,APAC,P1,2025-02-01,112.39,0.0,38.13,Renewal
C1093,Mid-Market,NA,P2,2025-02-01,576.0,0.0,144.8,Renewal
C1094,SMB,NA,P1,2025-02-01,106.38,0.0,36.7,Renewal
C1095,Enterprise,EMEA,P3,2025-02-01,1906.73,0.0,526.95,Renewal
C1096,SMB,EMEA,P1,2025-02-01,103.7,0.0,34.01,Renewal
C1097,Mid-Market,EMEA,P2,2025-02-01,785.52,124.49,193.4,Expansion
C1098,Mid-Market,NA,P2,2025-02-01,690.53,181.04,164.37,Expansion
C1101,Enterprise,EMEA,P3,2025-02-01,1725.14,0.0,339.77,Renewal
C1102,Mid-Market,APAC,P2,2025-02-01,713.72,0.0,190.43,Renewal
C1103,SMB,EMEA,P1,2025-02-01,96.6,0.0,32.88,Renewal
C1104,Mid-Market,EMEA,P2,2025-02-01,680.02,0.0,192.8,Renewal
C1105,Mid-Market,NA,P2,2025-02-01,605.3,0.0,162.47,Renewal
C1106,SMB,EMEA,P1,2025-02-01,94.02,0.0,20.17,Renewal
C1107,Enterprise,NA,P3,2025-02-01,2028.31,0.0,489.84,Renewal
C1108,SMB,EMEA,P1,2025-02-01,0.0,-114.07,0.0,Churn
C1109,Mid-Market,EMEA,P2,2025-02-01,469.82,469.82,101.86,New
C1110,SMB,EMEA,P1,2025-02-01,87.2,87.2,24.22,New
C1111,Enterprise,NA,P3,2025-02-01,1931.8,1931.8,517.21,New
C1112,Enterprise,APAC,P3,2025-02-01,1828.98,1828.98,464.7,New
C1091,SMB,NA,P1,2025-03-01,88.89,0.0,27.07,Renewal
C1092,SMB,APAC,P1,2025-03-01,112.39,0.0,34.32,Renewal
C1093,Mid-Market,NA,P2,2025-03-01,576.0,0.0,140.05,Renewal
C1094,SMB,NA,P1,2025-03-01,106.38,0.0,25.96,Renewal
C1095,Enterprise,EMEA,P3,2025-03-01,1906.73,0.0,497.53,Renewal
C1096,SMB,EMEA,P1,2025-03-01,103.7,0.0,33.34,Renewal
C1097,Mid-Market,EMEA,P2,2025-03-01,785.52,0.0,238.84,Renewal
C1098,Mid-Market,NA,P2,2025-03-01,690.53,0.0,213.78,Renewal
C1101,Enterprise,EMEA,P3,2025-03-01,1255.62,-469.52,288.98,Contraction
C1102,Mid-Market,APAC,P2,2025-03-01,713.72,0.0,211.12,Renewal
C1103,SMB,EMEA,P1,2025-03-01,96.6,0.0,28.74,Renewal
C1104,Mid-Market,EMEA,P2,2025-03-01,527.35,-152.67,155.83,Contraction
C1105,Mid-Market,NA,P2,2025-03-01,827.45,222.15,199.05,Expansion
C1106,SMB,EMEA,P1,2025-03-01,94.02,0.0,24.1,Renewal
C1107,Enterprise,NA,P3,2025-03-01,2028.31,0.0,384.16,Renewal
C1109,Mid-Market,EMEA,P2,2025-03-01,469.82,0.0,126.57,Renewal
C1110,SMB,EMEA,P1,2025-03-01,87.2,0.0,17.91,Renewal
C1111,Enterprise,NA,P3,2025-03-01,2394.81,463.01,561.02,Expansion
C1112,Enterprise,APAC,P3,2025-03-01,1828.98,0.0,381.62,Renewal
C1113,Mid-Market,NA,P2,2025-03-01,609.72,609.72,165.17,New
C1114,SMB,NA,P1,2025-03-01,116.15,116.15,23.76,New
C1115,Enterprise,APAC,P3,2025-03-01,2206.72,2206.72,405.45,New
C1091,SMB,NA,P1,2025-04-01,88.89,0.0,28.75,Renewal
C1092,SMB,APAC,P1,2025-04-01,77.55,-34.84,16.99,Contraction
C1093,Mid-Market,NA,P2,2025-04-01,576.0,0.0,151.3,Renewal
C1094,SMB,NA,P1,2025-04-01,106.38,0.0,33.56,Renewal
C1095,Enterprise,EMEA,P3,2025-04-01,1906.73,0.0,384.36,Renewal
C1096,SMB,EMEA,P1,2025-04-01,78.37,-25.33,16.68,Contraction
C1097,Mid-Market,EMEA,P2,2025-04-01,785.52,0.0,161.98,Renewal
C1098,Mid-Market,NA,P2,2025-04-01,690.53,0.0,182.14,Renewal
C1101,Enterprise,EMEA,P3,2025-04-01,1255.62,0.0,293.89,Renewal
C1102,Mid-Market,APAC,P2,2025-04-01,713.72,0.0,197.34,Renewal
C1103,SMB,EMEA,P1,2025-04-01,96.6,0.0,29.84,Renewal
C1104,Mid-Market,EMEA,P2,2025-04-01,527.35,0.0,167.22,Renewal
C1105,Mid-Market,NA,P2,2025-04-01,827.45,0.0,216.76,Renewal
C1106,SMB,EMEA,P1,2025-04-01,64.0,-30.02,20.43,Contraction
C1107,Enterprise,NA,P3,2025-04-01,2028.31,0.0,420.03,Renewal
C1109,Mid-Market,EMEA,P2,2025-04-01,469.82,0.0,118.71,Renewal
C1110,SMB,EMEA,P1,2025-04-01,87.2,0.0,18.47,Renewal
C1111,Enterprise,NA,P3,2025-04-01,2394.81,0.0,437.14,Renewal
C1112,Enterprise,APAC,P3,2025-04-01,1828.98,0.0,505.28,Renewal
C1113,Mid-Market,NA,P2,2025-04-01,609.72,0.0,183.11,Renewal
C1114,SMB,NA,P1,2025-04-01,116.15,0.0,35.36,Renewal
C1115,Enterprise,APAC,P3,2025-04-01,2206.72,0.0,487.45,Renewal
C1116,Enterprise,EMEA,P3,2025-04-01,2397.17,2397.17,473.03,New
C1117,SMB,NA,P1,2025-04-01,115.98,115.98,25.92,New
C1118,SMB,EMEA,P1,2025-04-01,91.54,91.54,21.74,New
C1091,SMB,NA,P1,2025-05-01,88.89,0.0,25.1,Renewal
C1092,SMB,APAC,P1,2025-05-01,77.55,0.0,23.82,Renewal
C1093,Mid-Market,NA,P2,2025-05-01,576.0,0.0,160.83,Renewal
C1094,SMB,NA,P1,2025-05-01,106.38,0.0,25.74,Renewal
C1095,Enterprise,EMEA,P3,2025-05-01,1906.73,0.0,525.28,Renewal
C1096,SMB,EMEA,P1,2025-05-01,78.37,0.0,24.35,Renewal
C1097,Mid-Market,EMEA,P2,2025-05-01,785.52,0.0,209.36,Renewal
C1098,Mid-Market,NA,P2,2025-05-01,886.31,195.78,221.89,Expansion
C1101,Enterprise,EMEA,P3,2025-05-01,1255.62,0.0,257.12,Renewal
C1102,Mid-Market,APAC,P2,2025-05-01,713.72,0.0,173.23,Renewal
C1103,SMB,EMEA,P1,2025-05-01,96.6,0.0,30.3,Renewal
C1104,Mid-Market,EMEA,P2,2025-05-01,582.36,55.01,124.58,Expansion
C1105,Mid-Market,NA,P2,2025-05-01,827.45,0.0,170.06,Renewal
C1106,SMB,EMEA,P1,2025-05-01,64.0,0.0,13.19,Renewal
C1107,Enterprise,NA,P3,2025-05-01,2028.31,0.0,538.61,Renewal
C1109,Mid-Market,EMEA,P2,2025-05-01,469.82,0.0,133.64,Renewal
C1110,SMB,EMEA,P1,2025-05-01,87.2,0.0,23.64,Renewal
C1111,Enterprise,NA,P3,2025-05-01,2394.81,0.0,454.5,Renewal
C1112,Enterprise,APAC,P3,2025-05-01,1828.98,0.0,419.13,Renewal
C1113,Mid-Market,NA,P2,2025-05-01,0.0,-609.72,0.0,Churn
C1114,SMB,NA,P1,2025-05-01,116.15,0.0,26.25,Renewal
C1115,Enterprise,APAC,P3,2025-05-01,2714.61,507.89,596.81,Expansion
C1116,Enterprise,EMEA,P3,2025-05-01,2397.17,0.0,579.12,Renewal
C1117,SMB,NA,P1,2025-05-01,115.98,0.0,34.24,Renewal
C1118,SMB,EMEA,P1,2025-05-01,91.54,0.0,18.93,Renewal
C1119,Mid-Market,EMEA,P2,2025-05-01,602.3,602.3,147.54,New
C1120,Enterprise,APAC,P3,2025-05-01,2131.47,2131.47,517.06,New
C1121,Enterprise,APAC,P3,2025-05-01,2345.95,2345.95,540.3,New
C1091,SMB,NA,P1,2025-06-01,88.89,0.0,29.2,Renewal
C1092,SMB,APAC,P1,2025-06-01,77.55,0.0,23.17,Renewal
C1093,Mid-Market,NA,P2,2025-06-01,576.0,0.0,126.46,Renewal
C1094,SMB,NA,P1,2025-06-01,106.38,0.0,22.4,Renewal
C1095,Enterprise,EMEA,P3,2025-06-01,2464.88,558.15,450.21,Expansion
C1096,SMB,EMEA,P1,2025-06-01,78.37,0.0,22.56,Renewal
C1097,Mid-Market,EMEA,P2,2025-06-01,785.52,0.0,245.73,Renewal
C1098,Mid-Market,NA,P2,2025-06-01,886.31,0.0,238.47,Renewal
C1101,Enterprise,EMEA,P3,2025-06-01,1255.62,0.0,274.75,Renewal
C1102,Mid-Market,APAC,P2,2025-06-01,713.72,0.0,197.84,Renewal
C1103,SMB,EMEA,P1,2025-06-01,96.6,0.0,25.96,Renewal
C1104,Mid-Market,EMEA,P2,2025-06-01,582.36,0.0,154.6,Renewal
C1105,Mid-Market,NA,P2,2025-06-01,827.45,0.0,258.97,Renewal
C1106,SMB,EMEA,P1,2025-06-01,64.0,0.0,16.51,Renewal
C1107,Enterprise,NA,P3,2025-06-01,2028.31,0.0,560.06,Renewal
C1109,Mid-Market,EMEA,P2,2025-06-01,469.82,0.0,145.01,Renewal
C1110,SMB,EMEA,P1,2025-06-01,56.59,-30.61,11.91,Contraction
C1111,Enterprise,NA,P3,2025-06-01,2394.81,0.0,455.2,Renewal
C1112,Enterprise,APAC,P3,2025-06-01,1828.98,0.0,332.55,Renewal
C1114,SMB,NA,P1,2025-06-01,116.15,0.0,24.88,Renewal
C1115,Enterprise,APAC,P3,2025-06-01,2714.61,0.0,674.04,Renewal
C1116,Enterprise,EMEA,P3,2025-06-01,2397.17,0.0,448.56,Renewal
C1117,SMB,NA,P1,2025-06-01,115.98,0.0,28.75,Renewal
C1118,SMB,EMEA,P1,2025-06-01,91.54,0.0,29.91,Renewal
C1119,Mid-Market,EMEA,P2,2025-06-01,602.3,0.0,122.14,Renewal
C1120,Enterprise,APAC,P3,2025-06-01,2865.42,733.95,596.54,Expansion
C1121,Enterprise,APAC,P3,2025-06-01,2345.95,0.0,449.99,Renewal
C1122,SMB,NA,P1,2025-06-01,119.64,119.64,36.43,New
C1123,SMB,EMEA,P1,2025-06-01,96.74,96.74,28.47,New
C1124,SMB,EMEA,P1,2025-06-01,88.51,88.51,29.35,New
C1125,Enterprise,EMEA,P3,2025-06-01,1882.35,1882.35,477.19,New
C1091,SMB,NA,P1,2025-07-01,88.89,0.0,28.49,Renewal
C1092,SMB,APAC,P1,2025-07-01,77.55,0.0,18.79,Renewal
C1093,Mid-Market,NA,P2,2025-07-01,0.0,-576.0,0.0,Churn
C1094,SMB,NA,P1,2025-07-01,106.38,0.0,33.25,Renewal
C1095,Enterprise,EMEA,P3,2025-07-01,2464.88,0.0,642.55,Renewal
C1096,SMB,EMEA,P1,2025-07-01,78.37,0.0,27.32,Renewal
C1097,Mid-Market,EMEA,P2,2025-07-01,785.52,0.0,196.0,Renewal
C1098,Mid-Market,NA,P2,2025-07-01,886.31,0.0,216.83,Renewal
C1101,Enterprise,EMEA,P3,2025-07-01,1255.62,0.0,323.5,Renewal
C1102,Mid-Market,APAC,P2,2025-07-01,713.72,0.0,171.93,Renewal
C1103,SMB,EMEA,P1,2025-07-01,96.6,0.0,32.81,Renewal
C1104,Mid-Market,EMEA,P2,2025-07-01,582.36,0.0,176.46,Renewal
C1105,Mid-Market,NA,P2,2025-07-01,827.45,0.0,208.09,Renewal
C1106,SMB,EMEA,P1,2025-07-01,64.0,0.0,20.01,Renewal
C1107,Enterprise,NA,P3,2025-07-01,2690.28,661.97,511.99,Expansion
C1109,Mid-Market,EMEA,P2,2025-07-01,469.82,0.0,144.85,Renewal
C1110,SMB,EMEA,P1,2025-07-01,56.59,0.0,15.61,Renewal
C1111,Enterprise,NA,P3,2025-07-01,2394.81,0.0,628.99,Renewal
C1112,Enterprise,APAC,P3,2025-07-01,2187.49,358.51,589.64,Expansion
C1114,SMB,NA,P1,2025-07-01,141.33,25.18,28.5,Expansion
C1115,Enterprise,APAC,P3,2025-07-01,2714.61,0.0,734.41,Renewal
C1116,Enterprise,EMEA,P3,2025-07-01,2397.17,0.0,453.37,Renewal
C1117,SMB,NA,P1,2025-07-01,115.98,0.0,28.75,Renewal
C1118,SMB,EMEA,P1,2025-07-01,91.54,0.0,31.35,Renewal
C1119,Mid-Market,EMEA,P2,2025-07-01,504.52,-97.78,135.62,Contraction
C1120,Enterprise,APAC,P3,2025-07-01,2865.42,0.0,696.82,Renewal
C1121,Enterprise,APAC,P3,2025-07-01,2345.95,0.0,527.47,Renewal
C1122,SMB,NA,P1,2025-07-01,119.64,0.0,29.19,Renewal
C1123,SMB,EMEA,P1,2025-07-01,96.74,0.0,24.12,Renewal
C1124,SMB,EMEA,P1,2025-07-01,88.51,0.0,26.63,Renewal
C1125,Enterprise,EMEA,P3,2025-07-01,1882.35,0.0,480.45,Renewal
C1126,SMB,NA,P1,2025-07-01,101.06,101.06,32.21,New
C1127,SMB,EMEA,P1,2025-07-01,116.54,116.54,37.11,New
C1128,SMB,NA,P1,2025-07-01,118.23,118.23,25.26,New
C1091,SMB,NA,P1,2025-08-01,88.89,0.0,24.37,Renewal
C1092,SMB,APAC,P1,2025-08-01,77.55,0.0,16.18,Renewal
C1094,SMB,NA,P1,2025-08-01,106.38,0.0,30.04,Renewal
C1095,Enterprise,EMEA,P3,2025-08-01,2464.88,0.0,552.51,Renewal
C1096,SMB,EMEA,P1,2025-08-01,78.37,0.0,26.11,Renewal
C1097,Mid-Market,EMEA,P2,2025-08-01,785.52,0.0,190.18,Renewal
C1098,Mid-Market,NA,P2,2025-08-01,886.31,0.0,189.71,Renewal
C1101,Enterprise,EMEA,P3,2025-08-01,1255.62,0.0,243.97,Renewal
C1102,Mid-Market,APAC,P2,2025-08-01,713.72,0.0,207.96,Renewal
C1103,SMB,EMEA,P1,2025-08-01,96.6,0.0,28.28,Renewal
C1104,Mid-Market,EMEA,P2,2025-08-01,658.26,75.9,138.3,Expansion
C1105,Mid-Market,NA,P2,2025-08-01,0.0,-827.45,0.0,Churn
C1106,SMB,EMEA,P1,2025-08-01,64.0,0.0,13.5,Renewal
C1107,Enterprise,NA,P3,2025-08-01,2690.28,0.0,705.35,Renewal
C1109,Mid-Market,EMEA,P2,2025-08-01,469.82,0.0,133.78,Renewal
C1110,SMB,EMEA,P1,2025-08-01,56.59,0.0,12.01,Renewal
C1111,Enterprise,NA,P3,2025-08-01,2394.81,0.0,451.38,Renewal
C1112,Enterprise,APAC,P3,2025-08-01,2187.49,0.0,609.57,Renewal
C1114,SMB,NA,P1,2025-08-01,141.33,0.0,36.2,Renewal
C1115,Enterprise,APAC,P3,2025-08-01,2714.61,0.0,589.24,Renewal
C1116,Enterprise,EMEA,P3,2025-08-01,2397.17,0.0,626.33,Renewal
C1117,SMB,NA,P1,2025-08-01,115.98,0.0,39.68,Renewal
C1118,SMB,EMEA,P1,2025-08-01,91.54,0.0,31.85,Renewal
C1119,Mid-Market,EMEA,P2,2025-08-01,504.52,0.0,146.52,Renewal
C1120,Enterprise,APAC,P3,2025-08-01,2865.42,0.0,623.59,Renewal
C1121,Enterprise,APAC,P3,2025-08-01,2345.95,0.0,441.86,Renewal
C1122,SMB,NA,P1,2025-08-01,119.64,0.0,37.87,Renewal
C1123,SMB,EMEA,P1,2025-08-01,96.74,0.0,27.45,Renewal
C1124,SMB,EMEA,P1,2025-08-01,108.63,20.12,36.49,Expansion
C1125,Enterprise,EMEA,P3,2025-08-01,1882.35,0.0,359.75,Renewal
C1126,SMB,NA,P1,2025-08-01,101.06,0.0,27.68,Renewal
C1127,SMB,EMEA,P1,2025-08-01,116.54,0.0,23.51,Renewal
C1128,SMB,NA,P1,2025-08-01,118.23,0.0,31.96,Renewal
C1129,Mid-Market,EMEA,P2,2025-08-01,425.54,425.54,87.98,New
C1130,Enterprise,NA,P3,2025-08-01,2108.6,2108.6,404.6,New
C1131,Enterprise,EMEA,P3,2025-08-01,2033.93,2033.93,390.01,New
C1132,Enterprise,EMEA,P3,2025-08-01,1877.69,1877.69,459.89,New
C1091,SMB,NA,P1,2025-09-01,88.89,0.0,27.73,Renewal
C1092,SMB,APAC,P1,2025-09-01,57.84,-19.71,19.92,Contraction
C1094,SMB,NA,P1,2025-09-01,106.38,0.0,27.26,Renewal
C1095,Enterprise,EMEA,P3,2025-09-01,2464.88,0.0,514.1,Renewal
C1096,SMB,EMEA,P1,2025-09-01,78.37,0.0,25.88,Renewal
C1097,Mid-Market,EMEA,P2,2025-09-01,785.52,0.0,178.18,Renewal
C1098,Mid-Market,NA,P2,2025-09-01,1231.06,344.75,248.01,Expansion
C1101,Enterprise,EMEA,P3,2025-09-01,1255.62,0.0,347.79,Renewal
C1102,Mid-Market,APAC,P2,2025-09-01,713.72,0.0,146.44,Renewal
C1103,SMB,EMEA,P1,2025-09-01,79.48,-17.12,22.19,Contraction
C1104,Mid-Market,EMEA,P2,2025-09-01,658.26,0.0,210.09,Renewal
C1106,SMB,EMEA,P1,2025-09-01,64.0,0.0,13.51,Renewal
C1107,Enterprise,NA,P3,2025-09-01,2690.28,0.0,633.25,Renewal
C1109,Mid-Market,EMEA,P2,2025-09-01,469.82,0.0,148.61,Renewal
C1110,SMB,EMEA,P1,2025-09-01,56.59,0.0,15.76,Renewal
C1111,Enterprise,NA,P3,2025-09-01,3086.48,691.67,770.31,Expansion
C1112,Enterprise,APAC,P3,2025-09-01,2187.49,0.0,493.18,Renewal
C1114,SMB,NA,P1,2025-09-01,141.33,0.0,41.57,Renewal
C1115,Enterprise,APAC,P3,2025-09-01,2714.61,0.0,647.25,Renewal
C1116,Enterprise,EMEA,P3,2025-09-01,2397.17,0.0,647.51,Renewal
C1117,SMB,NA,P1,2025-09-01,115.98,0.0,23.99,Renewal
C1118,SMB,EMEA,P1,2025-09-01,91.54,0.0,22.17,Renewal
C1119,Mid-Market,EMEA,P2,2025-09-01,504.52,0.0,158.44,Renewal
C1120,Enterprise,APAC,P3,2025-09-01,3917.26,1051.84,883.6,Expansion
C1121,Enterprise,APAC,P3,2025-09-01,2345.95,0.0,567.75,Renewal
C1122,SMB,NA,P1,2025-09-01,119.64,0.0,28.91,Renewal
C1123,SMB,EMEA,P1,2025-09-01,96.74,0.0,22.08,Renewal
C1124,SMB,EMEA,P1,2025-09-01,108.63,0.0,29.28,Renewal
C1125,Enterprise,EMEA,P3,2025-09-01,1882.35,0.0,405.34,Renewal
C1126,SMB,NA,P1,2025-09-01,101.06,0.0,29.06,Renewal
C1127,SMB,EMEA,P1,2025-09-01,116.54,0.0,24.67,Renewal
C1128,SMB,NA,P1,2025-09-01,118.23,0.0,40.93,Renewal
C1129,Mid-Market,EMEA,P2,2025-09-01,425.54,0.0,135.47,Renewal
C1130,Enterprise,NA,P3,2025-09-01,2108.6,0.0,526.76,Renewal
C1131,Enterprise,EMEA,P3,2025-09-01,2033.93,0.0,475.15,Renewal
C1132,Enterprise,EMEA,P3,2025-09-01,1877.69,0.0,396.1,Renewal
C1133,SMB,NA,P1,2025-09-01,88.9,88.9,28.63,New
C1134,SMB,NA,P1,2025-09-01,97.52,97.52,29.52,New
C1135,SMB,APAC,P1,2025-09-01,121.49,121.49,27.26,New
C1136,SMB,APAC,P1,2025-09-01,96.95,96.95,32.64,New
C1091,SMB,NA,P1,2025-10-01,88.89,0.0,28.75,Renewal
C1092,SMB,APAC,P1,2025-10-01,57.84,0.0,19.81,Renewal
C1094,SMB,NA,P1,2025-10-01,106.38,0.0,32.86,Renewal
C1095,Enterprise,EMEA,P3,2025-10-01,2464.88,0.0,594.88,Renewal
C1096,SMB,EMEA,P1,2025-10-01,78.37,0.0,20.59,Renewal
C1097,Mid-Market,EMEA,P2,2025-10-01,785.52,0.0,245.03,Renewal
C1098,Mid-Market,NA,P2,2025-10-01,1231.06,0.0,374.15,Renewal
C1101,Enterprise,EMEA,P3,2025-10-01,1255.62,0.0,231.69,Renewal
C1102,Mid-Market,APAC,P2,2025-10-01,713.72,0.0,145.0,Renewal
C1103,SMB,EMEA,P1,2025-10-01,79.48,0.0,20.38,Renewal
C1104,Mid-Market,EMEA,P2,2025-10-01,658.26,0.0,195.68,Renewal
C1106,SMB,EMEA,P1,2025-10-01,64.0,0.0,22.28,Renewal
C1107,Enterprise,NA,P3,2025-10-01,2690.28,0.0,524.72,Renewal
C1109,Mid-Market,EMEA,P2,2025-10-01,351.68,-118.14,86.41,Contraction
C1110,SMB,EMEA,P1,2025-10-01,56.59,0.0,19.55,Renewal
C1111,Enterprise,NA,P3,2025-10-01,3086.48,0.0,815.48,Renewal
C1112,Enterprise,APAC,P3,2025-10-01,2187.49,0.0,577.13,Renewal
C1114,SMB,NA,P1,2025-10-01,141.33,0.0,38.2,Renewal
C1115,Enterprise,APAC,P3,2025-10-01,2714.61,0.0,601.24,Renewal
C1116,Enterprise,EMEA,P3,2025-10-01,2833.51,436.34,526.01,Expansion
C1117,SMB,NA,P1,2025-10-01,115.98,0.0,38.24,Renewal
C1118,SMB,EMEA,P1,2025-10-01,91.54,0.0,29.47,Renewal
C1119,Mid-Market,EMEA,P2,2025-10-01,504.52,0.0,161.43,Renewal
C1120,Enterprise,APAC,P3,2025-10-01,3326.38,-590.88,783.51,Contraction
C1121,Enterprise,APAC,P3,2025-10-01,2345.95,0.0,602.67,Renewal
C1122,SMB,NA,P1,2025-10-01,119.64,0.0,40.88,Renewal
C1123,SMB,EMEA,P1,2025-10-01,96.74,0.0,31.68,Renewal
C1124,SMB,EMEA,P1,2025-10-01,108.63,0.0,25.76,Renewal
C1125,Enterprise,EMEA,P3,2025-10-01,1882.35,0.0,423.63,Renewal
C1126,SMB,NA,P1,2025-10-01,101.06,0.0,22.17,Renewal
C1127,SMB,EMEA,P1,2025-10-01,116.54,0.0,39.99,Renewal
C1128,SMB,NA,P1,2025-10-01,118.23,0.0,34.4,Renewal
C1129,Mid-Market,EMEA,P2,2025-10-01,425.54,0.0,96.78,Renewal
C1130,Enterprise,NA,P3,2025-10-01,2108.6,0.0,521.18,Renewal
C1131,Enterprise,EMEA,P3,2025-10-01,2033.93,0.0,491.83,Renewal
C1132,Enterprise,EMEA,P3,2025-10-01,1877.69,0.0,405.24,Renewal
C1133,SMB,NA,P1,2025-10-01,88.9,0.0,19.29,Renewal
C1134,SMB,NA,P1,2025-10-01,97.52,0.0,29.33,Renewal
C1135,SMB,APAC,P1,2025-10-01,121.49,0.0,33.78,Renewal
C1136,SMB,APAC,P1,2025-10-01,96.95,0.0,30.62,Renewal
C1137,SMB,NA,P1,2025-10-01,104.69,104.69,29.11,New
C1138,SMB,APAC,P1,2025-10-01,111.99,111.99,36.71,New
C1139,SMB,NA,P1,2025-10-01,98.55,98.55,27.87,New
C1091,SMB,NA,P1,2025-11-01,88.89,0.0,25.26,Renewal
C1092,SMB,APAC,P1,2025-11-01,57.84,0.0,19.17,Renewal
C1094,SMB,NA,P1,2025-11-01,106.38,0.0,27.71,Renewal
C1095,Enterprise,EMEA,P3,2025-11-01,2464.88,0.0,476.71,Renewal
C1096,SMB,EMEA,P1,2025-11-01,78.37,0.0,16.01,Renewal
C1097,Mid-Market,EMEA,P2,2025-11-01,785.52,0.0,228.29,Renewal
C1098,Mid-Market,NA,P2,2025-11-01,1231.06,0.0,337.85,Renewal
C1101,Enterprise,EMEA,P3,2025-11-01,1255.62,0.0,314.42,Renewal
C1102,Mid-Market,APAC,P2,2025-11-01,713.72,0.0,160.98,Renewal
C1103,SMB,EMEA,P1,2025-11-01,79.48,0.0,17.52,Renewal
C1104,Mid-Market,EMEA,P2,2025-11-01,658.26,0.0,132.8,Renewal
C1106,SMB,EMEA,P1,2025-11-01,64.0,0.0,16.17,Renewal
C1107,Enterprise,NA,P3,2025-11-01,2690.28,0.0,642.95,Renewal
C1109,Mid-Market,EMEA,P2,2025-11-01,351.68,0.0,86.89,Renewal
C1110,SMB,EMEA,P1,2025-11-01,56.59,0.0,15.03,Renewal
C1111,Enterprise,NA,P3,2025-11-01,3086.48,0.0,834.63,Renewal
C1112,Enterprise,APAC,P3,2025-11-01,2634.78,447.29,609.69,Expansion
C1114,SMB,NA,P1,2025-11-01,141.33,0.0,44.88,Renewal
C1115,Enterprise,APAC,P3,2025-11-01,2714.61,0.0,596.28,Renewal
C1116,Enterprise,EMEA,P3,2025-11-01,2833.51,0.0,686.3,Renewal
C1117,SMB,NA,P1,2025-11-01,115.98,0.0,38.2,Renewal
C1118,SMB,EMEA,P1,2025-11-01,91.54,0.0,31.35,Renewal
C1119,Mid-Market,EMEA,P2,2025-11-01,504.52,0.0,109.81,Renewal
C1120,Enterprise,APAC,P3,2025-11-01,3326.38,0.0,906.97,Renewal
C1121,Enterprise,APAC,P3,2025-11-01,2926.89,580.94,602.43,Expansion
C1122,SMB,NA,P1,2025-11-01,119.64,0.0,32.17,Renewal
C1123,SMB,EMEA,P1,2025-11-01,96.74,0.0,33.57,Renewal
C1124,SMB,EMEA,P1,2025-11-01,108.63,0.0,29.75,Renewal
C1125,Enterprise,EMEA,P3,2025-11-01,1882.35,0.0,400.71,Renewal
C1126,SMB,NA,P1,2025-11-01,101.06,0.0,29.81,Renewal
C1127,SMB,EMEA,P1,2025-11-01,116.54,0.0,27.51,Renewal
C1128,SMB,NA,P1,2025-11-01,118.23,0.0,24.99,Renewal
C1129,Mid-Market,EMEA,P2,2025-11-01,425.54,0.0,91.69,Renewal
C1130,Enterprise,NA,P3,2025-11-01,2108.6,0.0,406.55,Renewal
C1131,Enterprise,EMEA,P3,2025-11-01,2033.93,0.0,397.0,Renewal
C1132,Enterprise,EMEA,P3,2025-11-01,1877.69,0.0,364.05,Renewal
C1133,SMB,NA,P1,2025-11-01,88.9,0.0,26.33,Renewal
C1134,SMB,NA,P1,2025-11-01,97.52,0.0,22.16,Renewal
C1135,SMB,APAC,P1,2025-11-01,121.49,0.0,30.6,Renewal
C1136,SMB,APAC,P1,2025-11-01,96.95,0.0,32.43,Renewal
C1137,SMB,NA,P1,2025-11-01,104.69,0.0,28.38,Renewal
C1138,SMB,APAC,P1,2025-11-01,111.99,0.0,33.61,Renewal
C1139,SMB,NA,P1,2025-11-01,98.55,0.0,22.26,Renewal
C1140,SMB,EMEA,P1,2025-11-01,122.63,122.63,28.06,New
C1141,Mid-Market,EMEA,P2,2025-11-01,616.25,616.25,126.27,New
C1142,SMB,APAC,P1,2025-11-01,94.12,94.12,21.21,New
C1091,SMB,NA,P1,2025-12-01,88.89,0.0,21.49,Renewal
C1092,SMB,APAC,P1,2025-12-01,57.84,0.0,13.1,Renewal
C1094,SMB,NA,P1,2025-12-01,106.38,0.0,22.69,Renewal
C1095,Enterprise,EMEA,P3,2025-12-01,2464.88,0.0,473.41,Renewal
C1096,SMB,EMEA,P1,2025-12-01,78.37,0.0,21.09,Renewal
C1097,Mid-Market,EMEA,P2,2025-12-01,912.7,127.18,222.44,Expansion
C1098,Mid-Market,NA,P2,2025-12-01,1540.09,309.03,435.61,Expansion
C1101,Enterprise,EMEA,P3,2025-12-01,1255.62,0.0,230.95,Renewal
C1102,Mid-Market,APAC,P2,2025-12-01,713.72,0.0,211.21,Renewal
C1103,SMB,EMEA,P1,2025-12-01,79.48,0.0,23.38,Renewal
C1104,Mid-Market,EMEA,P2,2025-12-01,408.41,-249.85,124.5,Contraction
C1106,SMB,EMEA,P1,2025-12-01,64.0,0.0,21.64,Renewal
C1107,Enterprise,NA,P3,2025-12-01,2690.28,0.0,500.68,Renewal
C1109,Mid-Market,EMEA,P2,2025-12-01,351.68,0.0,82.02,Renewal
C1110,SMB,EMEA,P1,2025-12-01,75.94,19.35,23.71,Expansion
C1111,Enterprise,NA,P3,2025-12-01,3086.48,0.0,612.52,Renewal
C1112,Enterprise,APAC,P3,2025-12-01,2634.78,0.0,529.42,Renewal
C1114,SMB,NA,P1,2025-12-01,141.33,0.0,36.12,Renewal
C1115,Enterprise,APAC,P3,2025-12-01,2714.61,0.0,620.16,Renewal
C1116,Enterprise,EMEA,P3,2025-12-01,2833.51,0.0,685.21,Renewal
C1117,SMB,NA,P1,2025-12-01,115.98,0.0,29.61,Renewal
C1118,SMB,EMEA,P1,2025-12-01,91.54,0.0,24.66,Renewal
C1119,Mid-Market,EMEA,P2,2025-12-01,668.11,163.59,136.56,Expansion
C1120,Enterprise,APAC,P3,2025-12-01,3326.38,0.0,682.72,Renewal
C1121,Enterprise,APAC,P3,2025-12-01,2926.89,0.0,735.63,Renewal
C1122,SMB,NA,P1,2025-12-01,119.64,0.0,39.99,Renewal
C1123,SMB,EMEA,P1,2025-12-01,96.74,0.0,26.77,Renewal
C1124,SMB,EMEA,P1,2025-12-01,108.63,0.0,30.4,Renewal
C1125,Enterprise,EMEA,P3,2025-12-01,1882.35,0.0,359.0,Renewal
C1126,SMB,NA,P1,2025-12-01,101.06,0.0,26.99,Renewal
C1127,SMB,EMEA,P1,2025-12-01,116.54,0.0,32.62,Renewal
C1128,SMB,NA,P1,2025-12-01,0.0,-118.23,0.0,Churn
C1129,Mid-Market,EMEA,P2,2025-12-01,425.54,0.0,98.86,Renewal
C1130,Enterprise,NA,P3,2025-12-01,2108.6,0.0,459.1,Renewal
C1131,Enterprise,EMEA,P3,2025-12-01,2033.93,0.0,370.19,Renewal
C1132,Enterprise,EMEA,P3,2025-12-01,1877.69,0.0,398.46,Renewal
C1133,SMB,NA,P1,2025-12-01,88.9,0.0,20.6,Renewal
C1134,SMB,NA,P1,2025-12-01,97.52,0.0,24.29,Renewal
C1135,SMB,APAC,P1,2025-12-01,121.49,0.0,26.48,Renewal
C1136,SMB,APAC,P1,2025-12-01,96.95,0.0,32.34,Renewal
C1137,SMB,NA,P1,2025-12-01,104.69,0.0,30.26,Renewal
C1138,SMB,APAC,P1,2025-12-01,111.99,0.0,33.81,Renewal
C1139,SMB,NA,P1,2025-12-01,98.55,0.0,31.38,Renewal
C1140,SMB,EMEA,P1,2025-12-01,122.63,0.0,33.69,Renewal
C1141,Mid-Market,EMEA,P2,2025-12-01,616.25,0.0,129.68,Renewal
C1142,SMB,APAC,P1,2025-12-01,94.12,0.0,26.41,Renewal
C1143,SMB,NA,P1,2025-12-01,103.84,103.84,29.91,New
C1144,SMB,NA,P1,2025-12-01,96.06,96.06,29.95,New
C1145,Mid-Market,EMEA,P2,2025-12-01,481.0,481.0,121.12,New
C1146,Mid-Market,EMEA,P2,2025-12-01,431.51,431.51,92.91,New
C1091,SMB,NA,P1,2026-01-01,88.89,0.0,21.56,Renewal
C1092,SMB,APAC,P1,2026-01-01,57.84,0.0,14.72,Renewal
C1094,SMB,NA,P1,2026-01-01,106.38,0.0,31.58,Renewal
C1095,Enterprise,EMEA,P3,2026-01-01,2464.88,0.0,584.37,Renewal
C1096,SMB,EMEA,P1,2026-01-01,78.37,0.0,19.86,Renewal
C1097,Mid-Market,EMEA,P2,2026-01-01,912.7,0.0,290.59,Renewal
C1098,Mid-Market,NA,P2,2026-01-01,1540.09,0.0,419.97,Renewal
C1101,Enterprise,EMEA,P3,2026-01-01,1255.62,0.0,255.8,Renewal
C1102,Mid-Market,APAC,P2,2026-01-01,806.89,93.17,176.18,Expansion
C1103,SMB,EMEA,P1,2026-01-01,79.48,0.0,18.83,Renewal
C1104,Mid-Market,EMEA,P2,2026-01-01,408.41,0.0,89.56,Renewal
C1106,SMB,EMEA,P1,2026-01-01,64.0,0.0,14.59,Renewal
C1107,Enterprise,NA,P3,2026-01-01,2690.28,0.0,560.95,Renewal
C1109,Mid-Market,EMEA,P2,2026-01-01,351.68,0.0,77.65,Renewal
C1110,SMB,EMEA,P1,2026-01-01,75.94,0.0,25.4,Renewal
C1111,Enterprise,NA,P3,2026-01-01,3086.48,0.0,580.33,Renewal
C1112,Enterprise,APAC,P3,2026-01-01,2634.78,0.0,612.46,Renewal
C1114,SMB,NA,P1,2026-01-01,141.33,0.0,36.97,Renewal
C1115,Enterprise,APAC,P3,2026-01-01,2714.61,0.0,755.31,Renewal
C1116,Enterprise,EMEA,P3,2026-01-01,2833.51,0.0,541.78,Renewal
C1117,SMB,NA,P1,2026-01-01,115.98,0.0,30.12,Renewal
C1118,SMB,EMEA,P1,2026-01-01,91.54,0.0,31.62,Renewal
C1119,Mid-Market,EMEA,P2,2026-01-01,668.11,0.0,203.01,Renewal
C1120,Enterprise,APAC,P3,2026-01-01,3326.38,0.0,870.54,Renewal
C1121,Enterprise,APAC,P3,2026-01-01,2926.89,0.0,602.33,Renewal
C1122,SMB,NA,P1,2026-01-01,119.64,0.0,26.99,Renewal
C1123,SMB,EMEA,P1,2026-01-01,74.22,-22.52,25.19,Contraction
C1124,SMB,EMEA,P1,2026-01-01,108.63,0.0,30.8,Renewal
C1125,Enterprise,EMEA,P3,2026-01-01,1882.35,0.0,446.42,Renewal
C1126,SMB,NA,P1,2026-01-01,101.06,0.0,24.46,Renewal
C1127,SMB,EMEA,P1,2026-01-01,116.54,0.0,36.76,Renewal
C1129,Mid-Market,EMEA,P2,2026-01-01,425.54,0.0,94.66,Renewal
C1130,Enterprise,NA,P3,2026-01-01,2108.6,0.0,447.8,Renewal
C1131,Enterprise,EMEA,P3,2026-01-01,2033.93,0.0,452.64,Renewal
C1132,Enterprise,EMEA,P3,2026-01-01,1877.69,0.0,433.3,Renewal
C1133,SMB,NA,P1,2026-01-01,88.9,0.0,21.01,Renewal
C1134,SMB,NA,P1,2026-01-01,97.52,0.0,21.18,Renewal
C1135,SMB,APAC,P1,2026-01-01,121.49,0.0,35.43,Renewal
C1136,SMB,APAC,P1,2026-01-01,96.95,0.0,23.59,Renewal
C1137,SMB,NA,P1,2026-01-01,104.69,0.0,30.07,Renewal
C1138,SMB,APAC,P1,2026-01-01,111.99,0.0,24.99,Renewal
C1139,SMB,NA,P1,2026-01-01,70.98,-27.57,19.87,Contraction
C1140,SMB,EMEA,P1,2026-01-01,122.63,0.0,25.48,Renewal
C1141,Mid-Market,EMEA,P2,2026-01-01,616.25,0.0,148.14,Renewal
C1142,SMB,APAC,P1,2026-01-01,94.12,0.0,20.72,Renewal
C1143,SMB,NA,P1,2026-01-01,103.84,0.0,21.76,Renewal
C1144,SMB,NA,P1,2026-01-01,96.06,0.0,33.48,Renewal
C1145,Mid-Market,EMEA,P2,2026-01-01,481.0,0.0,114.81,Renewal
C1146,Mid-Market,EMEA,P2,2026-01-01,431.51,0.0,128.24,Renewal
C1147,Mid-Market,EMEA,P2,2026-01-01,545.82,545.82,125.84,New
C1148,SMB,EMEA,P1,2026-01-01,104.06,104.06,31.45,New
C1149,SMB,EMEA,P1,2026-01-01,86.19,86.19,27.07,New
C1091,SMB,NA,P1,2026-02-01,88.89,0.0,25.72,Renewal
C1092,SMB,APAC,P1,2026-02-01,57.84,0.0,15.66,Renewal
C1094,SMB,NA,P1,2026-02-01,0.0,-106.38,0.0,Churn
C1095,Enterprise,EMEA,P3,2026-02-01,2464.88,0.0,529.67,Renewal
C1096,SMB,EMEA,P1,2026-02-01,78.37,0.0,26.6,Renewal
C1097,Mid-Market,EMEA,P2,2026-02-01,912.7,0.0,273.51,Renewal
C1098,Mid-Market,NA,P2,2026-02-01,1540.09,0.0,486.37,Renewal
C1101,Enterprise,EMEA,P3,2026-02-01,1255.62,0.0,241.62,Renewal
C1102,Mid-Market,APAC,P2,2026-02-01,631.57,-175.32,197.43,Contraction
C1103,SMB,EMEA,P1,2026-02-01,79.48,0.0,18.06,Renewal
C1104,Mid-Market,EMEA,P2,2026-02-01,457.4,48.99,132.16,Expansion
C1106,SMB,EMEA,P1,2026-02-01,64.0,0.0,18.31,Renewal
C1107,Enterprise,NA,P3,2026-02-01,2690.28,0.0,710.73,Renewal
C1109,Mid-Market,EMEA,P2,2026-02-01,401.59,49.91,118.64,Expansion
C1110,SMB,EMEA,P1,2026-02-01,75.94,0.0,17.48,Renewal
C1111,Enterprise,NA,P3,2026-02-01,3086.48,0.0,606.08,Renewal
C1112,Enterprise,APAC,P3,2026-02-01,2634.78,0.0,517.54,Renewal
C1114,SMB,NA,P1,2026-02-01,141.33,0.0,45.53,Renewal
C1115,Enterprise,APAC,P3,2026-02-01,2714.61,0.0,669.2,Renewal
C1116,Enterprise,EMEA,P3,2026-02-01,2833.51,0.0,658.24,Renewal
C1117,SMB,NA,P1,2026-02-01,115.98,0.0,29.44,Renewal
C1118,SMB,EMEA,P1,2026-02-01,75.0,-16.54,19.42,Contraction
C1119,Mid-Market,EMEA,P2,2026-02-01,668.11,0.0,199.09,Renewal
C1120,Enterprise,APAC,P3,2026-02-01,3326.38,0.0,744.82,Renewal
C1121,Enterprise,APAC,P3,2026-02-01,2926.89,0.0,637.17,Renewal
C1122,SMB,NA,P1,2026-02-01,119.64,0.0,32.23,Renewal
C1123,SMB,EMEA,P1,2026-02-01,74.22,0.0,18.2,Renewal
C1124,SMB,EMEA,P1,2026-02-01,108.63,0.0,33.91,Renewal
C1125,Enterprise,EMEA,P3,2026-02-01,1882.35,0.0,433.45,Renewal
C1126,SMB,NA,P1,2026-02-01,101.06,0.0,23.73,Renewal
C1127,SMB,EMEA,P1,2026-02-01,116.54,0.0,39.03,Renewal
C1129,Mid-Market,EMEA,P2,2026-02-01,296.16,-129.38,78.55,Contraction
C1130,Enterprise,NA,P3,2026-02-01,2108.6,0.0,570.69,Renewal
C1131,Enterprise,EMEA,P3,2026-02-01,2033.93,0.0,493.07,Renewal
C1132,Enterprise,EMEA,P3,2026-02-01,1877.69,0.0,359.93,Renewal
C1133,SMB,NA,P1,2026-02-01,0.0,-88.9,0.0,Churn
C1134,SMB,NA,P1,2026-02-01,97.52,0.0,28.69,Renewal
C1135,SMB,APAC,P1,2026-02-01,121.49,0.0,30.4,Renewal
C1136,SMB,APAC,P1,2026-02-01,96.95,0.0,21.42,Renewal
C1137,SMB,NA,P1,2026-02-01,104.69,0.0,33.41,Renewal
C1138,SMB,APAC,P1,2026-02-01,84.55,-27.44,23.68,Contraction
C1139,SMB,NA,P1,2026-02-01,70.98,0.0,23.71,Renewal
C1140,SMB,EMEA,P1,2026-02-01,122.63,0.0,39.03,Renewal
C1141,Mid-Market,EMEA,P2,2026-02-01,616.25,0.0,134.47,Renewal
C1142,SMB,APAC,P1,2026-02-01,94.12,0.0,23.22,Renewal
C1143,SMB,NA,P1,2026-02-01,103.84,0.0,24.64,Renewal
C1144,SMB,NA,P1,2026-02-01,96.06,0.0,29.93,Renewal
C1145,Mid-Market,EMEA,P2,2026-02-01,292.63,-188.37,78.54,Contraction
C1146,Mid-Market,EMEA,P2,2026-02-01,431.51,0.0,125.78,Renewal
C1147,Mid-Market,EMEA,P2,2026-02-01,545.82,0.0,166.59,Renewal
C1148,SMB,EMEA,P1,2026-02-01,104.06,0.0,26.15,Renewal
C1149,SMB,EMEA,P1,2026-02-01,86.19,0.0,27.86,Renewal
C1150,Mid-Market,EMEA,P2,2026-02-01,479.77,479.77,102.32,New
C1151,SMB,NA,P1,2026-02-01,120.12,120.12,39.28,New
C1152,SMB,NA,P1,2026-02-01,93.64,93.64,20.52,New
C1153,Enterprise,NA,P3,2026-02-01,1815.92,1815.92,399.01,New
C1154,Mid-Market,EMEA,P2,2026-02-01,521.84,521.84,154.3,New
C1155,Mid-Market,NA,P2,2026-02-01,620.89,620.89,135.35,New
C1091,SMB,NA,P1,2026-03-01,88.89,0.0,20.83,Renewal
C1092,SMB,APAC,P1,2026-03-01,0.0,-57.84,0.0,Churn
C1095,Enterprise,EMEA,P3,2026-03-01,1922.63,-542.25,469.34,Contraction
C1096,SMB,EMEA,P1,2026-03-01,78.37,0.0,23.83,Renewal
C1097,Mid-Market,EMEA,P2,2026-03-01,1152.57,239.87,265.34,Expansion
C1098,Mid-Market,NA,P2,2026-03-01,1540.09,0.0,371.91,Renewal
C1101,Enterprise,EMEA,P3,2026-03-01,1255.62,0.0,248.81,Renewal
C1102,Mid-Market,APAC,P2,2026-03-01,631.57,0.0,195.16,Renewal
C1103,SMB,EMEA,P1,2026-03-01,79.48,0.0,22.85,Renewal
C1104,Mid-Market,EMEA,P2,2026-03-01,457.4,0.0,113.48,Renewal
C1105,Mid-Market,NA,P2,2026-03-01,568.14,568.14,178.21,Reactivation
C1106,SMB,EMEA,P1,2026-03-01,64.0,0.0,14.27,Renewal
C1107,Enterprise,NA,P3,2026-03-01,2690.28,0.0,641.96,Renewal
C1109,Mid-Market,EMEA,P2,2026-03-01,401.59,0.0,104.7,Renewal
C1110,SMB,EMEA,P1,2026-03-01,75.94,0.0,22.15,Renewal
C1111,Enterprise,NA,P3,2026-03-01,3086.48,0.0,561.16,Renewal
C1112,Enterprise,APAC,P3,2026-03-01,3587.61,952.83,980.18,Expansion
C1113,Mid-Market,NA,P2,2026-03-01,591.15,591.15,167.65,Reactivation
C1114,SMB,NA,P1,2026-03-01,141.33,0.0,47.82,Renewal
C1115,Enterprise,APAC,P3,2026-03-01,2714.61,0.0,680.62,Renewal
C1116,Enterprise,EMEA,P3,2026-03-01,2833.51,0.0,553.25,Renewal
C1117,SMB,NA,P1,2026-03-01,115.98,0.0,33.22,Renewal
C1118,SMB,EMEA,P1,2026-03-01,96.15,21.15,25.35,Expansion
C1119,Mid-Market,EMEA,P2,2026-03-01,668.11,0.0,192.67,Renewal
C1120,Enterprise,APAC,P3,2026-03-01,3326.38,0.0,909.55,Renewal
C1121,Enterprise,APAC,P3,2026-03-01,2926.89,0.0,797.74,Renewal
C1122,SMB,NA,P1,2026-03-01,119.64,0.0,32.02,Renewal
C1123,SMB,EMEA,P1,2026-03-01,74.22,0.0,16.1,Renewal
C1124,SMB,EMEA,P1,2026-03-01,108.63,0.0,37.77,Renewal
C1125,Enterprise,EMEA,P3,2026-03-01,1524.18,-358.17,293.35,Contraction
C1126,SMB,NA,P1,2026-03-01,101.06,0.0,34.17,Renewal
C1127,SMB,EMEA,P1,2026-03-01,116.54,0.0,38.51,Renewal
C1129,Mid-Market,EMEA,P2,2026-03-01,296.16,0.0,77.67,Renewal
C1130,Enterprise,NA,P3,2026-03-01,2108.6,0.0,504.22,Renewal
C1131,Enterprise,EMEA,P3,2026-03-01,2033.93,0.0,447.26,Renewal
C1132,Enterprise,EMEA,P3,2026-03-01,1877.69,0.0,348.27,Renewal
C1134,SMB,NA,P1,2026-03-01,117.08,19.56,37.52,Expansion
C1135,SMB,APAC,P1,2026-03-01,121.49,0.0,24.38,Renewal
C1136,SMB,APAC,P1,2026-03-01,96.95,0.0,24.24,Renewal
C1137,SMB,NA,P1,2026-03-01,104.69,0.0,27.19,Renewal
C1138,SMB,APAC,P1,2026-03-01,84.55,0.0,23.73,Renewal
C1139,SMB,NA,P1,2026-03-01,70.98,0.0,23.99,Renewal
C1140,SMB,EMEA,P1,2026-03-01,147.63,25.0,37.21,Expansion
C1141,Mid-Market,EMEA,P2,2026-03-01,814.22,197.97,207.03,Expansion
C1142,SMB,APAC,P1,2026-03-01,94.12,0.0,21.99,Renewal
C1143,SMB,NA,P1,2026-03-01,128.32,24.48,28.38,Expansion
C1144,SMB,NA,P1,2026-03-01,96.06,0.0,21.75,Renewal
C1145,Mid-Market,EMEA,P2,2026-03-01,292.63,0.0,76.03,Renewal
C1146,Mid-Market,EMEA,P2,2026-03-01,431.51,0.0,107.99,Renewal
C1147,Mid-Market,EMEA,P2,2026-03-01,545.82,0.0,169.08,Renewal
C1148,SMB,EMEA,P1,2026-03-01,104.06,0.0,26.47,Renewal
C1149,SMB,EMEA,P1,2026-03-01,86.19,0.0,24.74,Renewal
C1150,Mid-Market,EMEA,P2,2026-03-01,479.77,0.0,132.35,Renewal
C1151,SMB,NA,P1,2026-03-01,120.12,0.0,24.26,Renewal
C1152,SMB,NA,P1,2026-03-01,71.72,-21.92,16.26,Contraction
C1153,Enterprise,NA,P3,2026-03-01,1815.92,0.0,501.39,Renewal
C1154,Mid-Market,EMEA,P2,2026-03-01,521.84,0.0,113.68,Renewal
C1155,Mid-Market,NA,P2,2026-03-01,620.89,0.0,155.07,Renewal
C1156,Mid-Market,NA,P2,2026-03-01,472.46,472.46,99.33,New
C1157,Mid-Market,EMEA,P2,2026-03-01,558.31,558.31,178.45,New
C1091,SMB,NA,P1,2026-04-01,88.89,0.0,24.47,Renewal
C1095,Enterprise,EMEA,P3,2026-04-01,1922.63,0.0,460.54,Renewal
C1096,SMB,EMEA,P1,2026-04-01,78.37,0.0,16.46,Renewal
C1097,Mid-Market,EMEA,P2,2026-04-01,1152.57,0.0,334.24,Renewal
C1098,Mid-Market,NA,P2,2026-04-01,1540.09,0.0,346.81,Renewal
C1101,Enterprise,EMEA,P3,2026-04-01,1255.62,0.0,338.77,Renewal
C1102,Mid-Market,APAC,P2,2026-04-01,631.57,0.0,141.86,Renewal
C1103,SMB,EMEA,P1,2026-04-01,79.48,0.0,18.17,Renewal
C1104,Mid-Market,EMEA,P2,2026-04-01,457.4,0.0,93.49,Renewal
C1105,Mid-Market,NA,P2,2026-04-01,705.41,137.27,188.9,Expansion
C1106,SMB,EMEA,P1,2026-04-01,64.0,0.0,13.43,Renewal
C1107,Enterprise,NA,P3,2026-04-01,3585.22,894.94,807.85,Expansion
C1109,Mid-Market,EMEA,P2,2026-04-01,401.59,0.0,105.59,Renewal
C1110,SMB,EMEA,P1,2026-04-01,75.94,0.0,20.21,Renewal
C1111,Enterprise,NA,P3,2026-04-01,3086.48,0.0,679.26,Renewal
C1112,Enterprise,APAC,P3,2026-04-01,3587.61,0.0,846.55,Renewal
C1113,Mid-Market,NA,P2,2026-04-01,591.15,0.0,129.24,Renewal
C1114,SMB,NA,P1,2026-04-01,141.33,0.0,32.12,Renewal
C1115,Enterprise,APAC,P3,2026-04-01,2213.62,-500.99,607.89,Contraction
C1116,Enterprise,EMEA,P3,2026-04-01,2833.51,0.0,615.81,Renewal
C1117,SMB,NA,P1,2026-04-01,115.98,0.0,27.91,Renewal
C1118,SMB,EMEA,P1,2026-04-01,96.15,0.0,28.52,Renewal
C1119,Mid-Market,EMEA,P2,2026-04-01,668.11,0.0,166.39,Renewal
C1120,Enterprise,APAC,P3,2026-04-01,3326.38,0.0,607.19,Renewal
C1121,Enterprise,APAC,P3,2026-04-01,2926.89,0.0,572.54,Renewal
C1122,SMB,NA,P1,2026-04-01,119.64,0.0,36.78,Renewal
C1123,SMB,EMEA,P1,2026-04-01,74.22,0.0,22.18,Renewal
C1124,SMB,EMEA,P1,2026-04-01,108.63,0.0,22.17,Renewal
C1125,Enterprise,EMEA,P3,2026-04-01,1524.18,0.0,308.18,Renewal
C1126,SMB,NA,P1,2026-04-01,101.06,0.0,23.71,Renewal
C1127,SMB,EMEA,P1,2026-04-01,116.54,0.0,35.05,Renewal
C1129,Mid-Market,EMEA,P2,2026-04-01,296.16,0.0,59.93,Renewal
C1130,Enterprise,NA,P3,2026-04-01,2108.6,0.0,401.5,Renewal
C1131,Enterprise,EMEA,P3,2026-04-01,2033.93,0.0,528.8,Renewal
C1132,Enterprise,EMEA,P3,2026-04-01,1877.69,0.0,371.51,Renewal
C1134,SMB,NA,P1,2026-04-01,117.08,0.0,34.88,Renewal
C1135,SMB,APAC,P1,2026-04-01,121.49,0.0,28.64,Renewal
C1136,SMB,APAC,P1,2026-04-01,96.95,0.0,20.84,Renewal
C1137,SMB,NA,P1,2026-04-01,104.69,0.0,24.76,Renewal
C1138,SMB,APAC,P1,2026-04-01,84.55,0.0,26.07,Renewal
C1139,SMB,NA,P1,2026-04-01,0.0,-70.98,0.0,Churn
C1140,SMB,EMEA,P1,2026-04-01,147.63,0.0,47.91,Renewal
C1141,Mid-Market,EMEA,P2,2026-04-01,814.22,0.0,201.65,Renewal
C1142,SMB,APAC,P1,2026-04-01,94.12,0.0,28.26,Renewal
C1143,SMB,NA,P1,2026-04-01,128.32,0.0,29.61,Renewal
C1144,SMB,NA,P1,2026-04-01,96.06,0.0,23.44,Renewal
C1145,Mid-Market,EMEA,P2,2026-04-01,292.63,0.0,90.0,Renewal
C1146,Mid-Market,EMEA,P2,2026-04-01,431.51,0.0,86.98,Renewal
C1147,Mid-Market,EMEA,P2,2026-04-01,0.0,-545.82,0.0,Churn
C1148,SMB,EMEA,P1,2026-04-01,104.06,0.0,24.06,Renewal
C1149,SMB,EMEA,P1,2026-04-01,86.19,0.0,17.58,Renewal
C1150,Mid-Market,EMEA,P2,2026-04-01,479.77,0.0,106.4,Renewal
C1151,SMB,NA,P1,2026-04-01,120.12,0.0,34.53,Renewal
C1152,SMB,NA,P1,2026-04-01,71.72,0.0,18.88,Renewal
C1153,Enterprise,NA,P3,2026-04-01,2483.82,667.9,650.13,Expansion
C1154,Mid-Market,EMEA,P2,2026-04-01,521.84,0.0,125.77,Renewal
C1155,Mid-Market,NA,P2,2026-04-01,620.89,0.0,143.51,Renewal
C1156,Mid-Market,NA,P2,2026-04-01,472.46,0.0,116.02,Renewal
C1157,Mid-Market,EMEA,P2,2026-04-01,558.31,0.0,151.21,Renewal
C1158,SMB,EMEA,P1,2026-04-01,114.31,114.31,27.46,New
C1159,Enterprise,NA,P3,2026-04-01,1890.11,1890.11,458.19,New
C1160,Mid-Market,EMEA,P2,2026-04-01,569.5,569.5,141.88,New
C1091,SMB,NA,P1,2026-05-01,88.89,0.0,25.14,Renewal
C1095,Enterprise,EMEA,P3,2026-05-01,2366.45,443.82,495.64,Expansion
C1096,SMB,EMEA,P1,2026-05-01,108.51,30.14,34.13,Expansion
C1097,Mid-Market,EMEA,P2,2026-05-01,1152.57,0.0,249.89,Renewal
C1098,Mid-Market,NA,P2,2026-05-01,1540.09,0.0,468.52,Renewal
C1101,Enterprise,EMEA,P3,2026-05-01,1255.62,0.0,287.21,Renewal
C1102,Mid-Market,APAC,P2,2026-05-01,631.57,0.0,194.11,Renewal
C1103,SMB,EMEA,P1,2026-05-01,79.48,0.0,25.43,Renewal
C1104,Mid-Market,EMEA,P2,2026-05-01,457.4,0.0,114.82,Renewal
C1105,Mid-Market,NA,P2,2026-05-01,705.41,0.0,142.98,Renewal
C1106,SMB,EMEA,P1,2026-05-01,42.7,-21.3,12.01,Contraction
C1107,Enterprise,NA,P3,2026-05-01,3585.22,0.0,872.46,Renewal
C1109,Mid-Market,EMEA,P2,2026-05-01,401.59,0.0,92.75,Renewal
C1110,SMB,EMEA,P1,2026-05-01,75.94,0.0,16.78,Renewal
C1111,Enterprise,NA,P3,2026-05-01,3086.48,0.0,813.27,Renewal
C1112,Enterprise,APAC,P3,2026-05-01,5005.87,1418.26,1164.21,Expansion
C1113,Mid-Market,NA,P2,2026-05-01,591.15,0.0,130.41,Renewal
C1114,SMB,NA,P1,2026-05-01,141.33,0.0,34.04,Renewal
C1115,Enterprise,APAC,P3,2026-05-01,0.0,-2213.62,0.0,Churn
C1116,Enterprise,EMEA,P3,2026-05-01,2833.51,0.0,769.1,Renewal
C1117,SMB,NA,P1,2026-05-01,115.98,0.0,25.24,Renewal
C1118,SMB,EMEA,P1,2026-05-01,96.15,0.0,27.54,Renewal
C1119,Mid-Market,EMEA,P2,2026-05-01,668.11,0.0,155.59,Renewal
C1120,Enterprise,APAC,P3,2026-05-01,3326.38,0.0,783.09,Renewal
C1121,Enterprise,APAC,P3,2026-05-01,0.0,-2926.89,0.0,Churn
C1122,SMB,NA,P1,2026-05-01,119.64,0.0,38.82,Renewal
C1123,SMB,EMEA,P1,2026-05-01,74.22,0.0,17.14,Renewal
C1124,SMB,EMEA,P1,2026-05-01,108.63,0.0,21.91,Renewal
C1125,Enterprise,EMEA,P3,2026-05-01,1524.18,0.0,295.22,Renewal
C1126,SMB,NA,P1,2026-05-01,101.06,0.0,33.86,Renewal
C1127,SMB,EMEA,P1,2026-05-01,116.54,0.0,38.58,Renewal
C1129,Mid-Market,EMEA,P2,2026-05-01,378.85,82.69,103.07,Expansion
C1130,Enterprise,NA,P3,2026-05-01,2108.6,0.0,519.78,Renewal
C1131,Enterprise,EMEA,P3,2026-05-01,2344.33,310.4,636.35,Expansion
C1132,Enterprise,EMEA,P3,2026-05-01,2301.36,423.67,502.42,Expansion
C1134,SMB,NA,P1,2026-05-01,117.08,0.0,32.53,Renewal
C1135,SMB,APAC,P1,2026-05-01,121.49,0.0,25.15,Renewal
C1136,SMB,APAC,P1,2026-05-01,96.95,0.0,21.81,Renewal
C1137,SMB,NA,P1,2026-05-01,104.69,0.0,32.53,Renewal
C1138,SMB,APAC,P1,2026-05-01,84.55,0.0,17.96,Renewal
C1140,SMB,EMEA,P1,2026-05-01,0.0,-147.63,0.0,Churn
C1141,Mid-Market,EMEA,P2,2026-05-01,814.22,0.0,186.82,Renewal
C1142,SMB,APAC,P1,2026-05-01,94.12,0.0,24.32,Renewal
C1143,SMB,NA,P1,2026-05-01,128.32,0.0,31.22,Renewal
C1144,SMB,NA,P1,2026-05-01,96.06,0.0,24.34,Renewal
C1145,Mid-Market,EMEA,P2,2026-05-01,292.63,0.0,83.78,Renewal
C1146,Mid-Market,EMEA,P2,2026-05-01,513.12,81.61,137.5,Expansion
C1148,SMB,EMEA,P1,2026-05-01,104.06,0.0,28.24,Renewal
C1149,SMB,EMEA,P1,2026-05-01,86.19,0.0,25.82,Renewal
C1150,Mid-Market,EMEA,P2,2026-05-01,479.77,0.0,149.89,Renewal
C1151,SMB,NA,P1,2026-05-01,120.12,0.0,37.22,Renewal
C1152,SMB,NA,P1,2026-05-01,71.72,0.0,16.66,Renewal
C1153,Enterprise,NA,P3,2026-05-01,2483.82,0.0,454.83,Renewal
C1154,Mid-Market,EMEA,P2,2026-05-01,521.84,0.0,120.79,Renewal
C1155,Mid-Market,NA,P2,2026-05-01,620.89,0.0,168.52,Renewal
C1156,Mid-Market,NA,P2,2026-05-01,472.46,0.0,97.41,Renewal
C1157,Mid-Market,EMEA,P2,2026-05-01,404.27,-154.04,109.81,Contraction
C1158,SMB,EMEA,P1,2026-05-01,114.31,0.0,28.59,Renewal
C1159,Enterprise,NA,P3,2026-05-01,1890.11,0.0,485.93,Renewal
C1160,Mid-Market,EMEA,P2,2026-05-01,569.5,0.0,121.18,Renewal
C1161,SMB,NA,P1,2026-05-01,98.71,98.71,20.85,New
C1162,SMB,EMEA,P1,2026-05-01,109.19,109.19,33.76,New
C1163,Mid-Market,EMEA,P2,2026-05-01,550.6,550.6,142.86,New
C1164,Mid-Market,NA,P2,2026-05-01,531.09,531.09,150.09,New
C1165,SMB,EMEA,P1,2026-05-01,87.73,87.73,23.27,New
C1166,SMB,APAC,P1,2026-05-01,117.23,117.23,27.78,New
C1091,SMB,NA,P1,2026-06-01,88.89,0.0,28.7,Renewal
C1095,Enterprise,EMEA,P3,2026-06-01,2366.45,0.0,615.14,Renewal
C1096,SMB,EMEA,P1,2026-06-01,108.51,0.0,33.01,Renewal
C1097,Mid-Market,EMEA,P2,2026-06-01,1152.57,0.0,268.15,Renewal
C1098,Mid-Market,NA,P2,2026-06-01,1540.09,0.0,417.1,Renewal
C1101,Enterprise,EMEA,P3,2026-06-01,1255.62,0.0,271.34,Renewal
C1102,Mid-Market,APAC,P2,2026-06-01,631.57,0.0,133.25,Renewal
C1103,SMB,EMEA,P1,2026-06-01,79.48,0.0,26.83,Renewal
C1104,Mid-Market,EMEA,P2,2026-06-01,457.4,0.0,98.99,Renewal
C1105,Mid-Market,NA,P2,2026-06-01,705.41,0.0,221.52,Renewal
C1106,SMB,EMEA,P1,2026-06-01,42.7,0.0,11.4,Renewal
C1107,Enterprise,NA,P3,2026-06-01,3585.22,0.0,711.71,Renewal
C1109,Mid-Market,EMEA,P2,2026-06-01,401.59,0.0,106.43,Renewal
C1110,SMB,EMEA,P1,2026-06-01,75.94,0.0,25.13,Renewal
C1111,Enterprise,NA,P3,2026-06-01,3086.48,0.0,781.57,Renewal
C1112,Enterprise,APAC,P3,2026-06-01,5005.87,0.0,1304.81,Renewal
C1113,Mid-Market,NA,P2,2026-06-01,767.09,175.94,217.14,Expansion
C1114,SMB,NA,P1,2026-06-01,141.33,0.0,46.27,Renewal
C1116,Enterprise,EMEA,P3,2026-06-01,2833.51,0.0,580.78,Renewal
C1117,SMB,NA,P1,2026-06-01,144.61,28.63,33.72,Expansion
C1118,SMB,EMEA,P1,2026-06-01,96.15,0.0,33.47,Renewal
C1119,Mid-Market,EMEA,P2,2026-06-01,668.11,0.0,209.31,Renewal
C1120,Enterprise,APAC,P3,2026-06-01,3326.38,0.0,611.86,Renewal
C1122,SMB,NA,P1,2026-06-01,119.64,0.0,36.59,Renewal
C1123,SMB,EMEA,P1,2026-06-01,102.24,28.02,23.22,Expansion
C1124,SMB,EMEA,P1,2026-06-01,108.63,0.0,30.98,Renewal
C1125,Enterprise,EMEA,P3,2026-06-01,1524.18,0.0,413.89,Renewal
C1126,SMB,NA,P1,2026-06-01,101.06,0.0,20.73,Renewal
C1127,SMB,EMEA,P1,2026-06-01,116.54,0.0,35.5,Renewal
C1129,Mid-Market,EMEA,P2,2026-06-01,378.85,0.0,89.29,Renewal
C1130,Enterprise,NA,P3,2026-06-01,2108.6,0.0,574.47,Renewal
C1131,Enterprise,EMEA,P3,2026-06-01,2344.33,0.0,649.63,Renewal
C1132,Enterprise,EMEA,P3,2026-06-01,2301.36,0.0,631.55,Renewal
C1134,SMB,NA,P1,2026-06-01,117.08,0.0,31.74,Renewal
C1135,SMB,APAC,P1,2026-06-01,121.49,0.0,40.01,Renewal
C1136,SMB,APAC,P1,2026-06-01,96.95,0.0,31.67,Renewal
C1137,SMB,NA,P1,2026-06-01,104.69,0.0,25.95,Renewal
C1138,SMB,APAC,P1,2026-06-01,114.03,29.48,23.44,Expansion
C1141,Mid-Market,EMEA,P2,2026-06-01,814.22,0.0,221.1,Renewal
C1142,SMB,APAC,P1,2026-06-01,94.12,0.0,22.07,Renewal
C1143,SMB,NA,P1,2026-06-01,128.32,0.0,27.98,Renewal
C1144,SMB,NA,P1,2026-06-01,96.06,0.0,20.32,Renewal
C1145,Mid-Market,EMEA,P2,2026-06-01,292.63,0.0,82.98,Renewal
C1146,Mid-Market,EMEA,P2,2026-06-01,513.12,0.0,123.55,Renewal
C1148,SMB,EMEA,P1,2026-06-01,104.06,0.0,32.12,Renewal
C1149,SMB,EMEA,P1,2026-06-01,86.19,0.0,18.08,Renewal
C1150,Mid-Market,EMEA,P2,2026-06-01,479.77,0.0,114.11,Renewal
C1151,SMB,NA,P1,2026-06-01,120.12,0.0,33.74,Renewal
C1152,SMB,NA,P1,2026-06-01,71.72,0.0,22.85,Renewal
C1153,Enterprise,NA,P3,2026-06-01,2483.82,0.0,526.26,Renewal
C1154,Mid-Market,EMEA,P2,2026-06-01,521.84,0.0,143.56,Renewal
C1155,Mid-Market,NA,P2,2026-06-01,620.89,0.0,190.19,Renewal
C1156,Mid-Market,NA,P2,2026-06-01,472.46,0.0,129.41,Renewal
C1157,Mid-Market,EMEA,P2,2026-06-01,472.95,68.68,95.97,Expansion
C1158,SMB,EMEA,P1,2026-06-01,93.45,-20.86,18.99,Contraction
C1159,Enterprise,NA,P3,2026-06-01,1890.11,0.0,505.55,Renewal
C1160,Mid-Market,EMEA,P2,2026-06-01,569.5,0.0,150.05,Renewal
C1161,SMB,NA,P1,2026-06-01,98.71,0.0,33.65,Renewal
C1162,SMB,EMEA,P1,2026-06-01,109.19,0.0,34.92,Renewal
C1163,Mid-Market,EMEA,P2,2026-06-01,550.6,0.0,176.06,Renewal
C1164,Mid-Market,NA,P2,2026-06-01,531.09,0.0,128.57,Renewal
C1165,SMB,EMEA,P1,2026-06-01,87.73,0.0,27.64,Renewal
C1166,SMB,APAC,P1,2026-06-01,117.23,0.0,30.51,Renewal
C1167,SMB,NA,P1,2026-06-01,96.85,96.85,26.34,New
C1168,Enterprise,EMEA,P3,2026-06-01,1849.21,1849.21,448.9,New
C1169,SMB,EMEA,P1,2026-06-01,85.76,85.76,28.39,New
C1170,SMB,NA,P1,2026-06-01,107.55,107.55,37.39,New
C1171,SMB,NA,P1,2026-06-01,110.98,110.98,34.99,New
C1172,SMB,APAC,P1,2026-06-01,84.81,84.81,22.28,New
C1091,SMB,NA,P1,2026-07-01,88.89,0.0,23.4,Renewal
C1095,Enterprise,EMEA,P3,2026-07-01,2366.45,0.0,600.51,Renewal
C1096,SMB,EMEA,P1,2026-07-01,108.51,0.0,25.59,Renewal
C1097,Mid-Market,EMEA,P2,2026-07-01,1152.57,0.0,245.79,Renewal
C1098,Mid-Market,NA,P2,2026-07-01,1540.09,0.0,373.56,Renewal
C1101,Enterprise,EMEA,P3,2026-07-01,1255.62,0.0,262.08,Renewal
C1102,Mid-Market,APAC,P2,2026-07-01,631.57,0.0,148.77,Renewal
C1103,SMB,EMEA,P1,2026-07-01,79.48,0.0,18.68,Renewal
C1104,Mid-Market,EMEA,P2,2026-07-01,457.4,0.0,93.79,Renewal
C1105,Mid-Market,NA,P2,2026-07-01,705.41,0.0,142.6,Renewal
C1106,SMB,EMEA,P1,2026-07-01,42.7,0.0,14.87,Renewal
C1107,Enterprise,NA,P3,2026-07-01,3585.22,0.0,798.71,Renewal
C1109,Mid-Market,EMEA,P2,2026-07-01,401.59,0.0,98.84,Renewal
C1110,SMB,EMEA,P1,2026-07-01,75.94,0.0,22.93,Renewal
C1111,Enterprise,NA,P3,2026-07-01,3086.48,0.0,622.93,Renewal
C1112,Enterprise,APAC,P3,2026-07-01,5005.87,0.0,1376.59,Renewal
C1113,Mid-Market,NA,P2,2026-07-01,767.09,0.0,225.8,Renewal
C1114,SMB,NA,P1,2026-07-01,141.33,0.0,30.16,Renewal
C1116,Enterprise,EMEA,P3,2026-07-01,2833.51,0.0,628.35,Renewal
C1117,SMB,NA,P1,2026-07-01,197.21,52.6,67.39,Expansion
C1118,SMB,EMEA,P1,2026-07-01,96.15,0.0,25.97,Renewal
C1119,Mid-Market,EMEA,P2,2026-07-01,503.32,-164.79,110.75,Contraction
C1120,Enterprise,APAC,P3,2026-07-01,3326.38,0.0,928.45,Renewal
C1122,SMB,NA,P1,2026-07-01,119.64,0.0,28.09,Renewal
C1123,SMB,EMEA,P1,2026-07-01,141.38,39.14,42.05,Expansion
C1124,SMB,EMEA,P1,2026-07-01,108.63,0.0,31.63,Renewal
C1125,Enterprise,EMEA,P3,2026-07-01,1524.18,0.0,352.5,Renewal
C1126,SMB,NA,P1,2026-07-01,101.06,0.0,23.71,Renewal
C1127,SMB,EMEA,P1,2026-07-01,116.54,0.0,26.39,Renewal
C1129,Mid-Market,EMEA,P2,2026-07-01,378.85,0.0,85.79,Renewal
C1130,Enterprise,NA,P3,2026-07-01,2108.6,0.0,418.86,Renewal
C1131,Enterprise,EMEA,P3,2026-07-01,2344.33,0.0,604.74,Renewal
C1132,Enterprise,EMEA,P3,2026-07-01,2301.36,0.0,494.82,Renewal
C1134,SMB,NA,P1,2026-07-01,117.08,0.0,24.43,Renewal
C1135,SMB,APAC,P1,2026-07-01,121.49,0.0,41.96,Renewal
C1136,SMB,APAC,P1,2026-07-01,96.95,0.0,32.24,Renewal
C1137,SMB,NA,P1,2026-07-01,104.69,0.0,35.51,Renewal
C1138,SMB,APAC,P1,2026-07-01,114.03,0.0,39.82,Renewal
C1141,Mid-Market,EMEA,P2,2026-07-01,814.22,0.0,179.83,Renewal
C1142,SMB,APAC,P1,2026-07-01,94.12,0.0,24.42,Renewal
C1143,SMB,NA,P1,2026-07-01,128.32,0.0,40.26,Renewal
C1144,SMB,NA,P1,2026-07-01,96.06,0.0,29.24,Renewal
C1145,Mid-Market,EMEA,P2,2026-07-01,292.63,0.0,63.93,Renewal
C1146,Mid-Market,EMEA,P2,2026-07-01,513.12,0.0,152.86,Renewal
C1148,SMB,EMEA,P1,2026-07-01,104.06,0.0,24.32,Renewal
C1149,SMB,EMEA,P1,2026-07-01,86.19,0.0,20.13,Renewal
C1150,Mid-Market,EMEA,P2,2026-07-01,479.77,0.0,126.87,Renewal
C1151,SMB,NA,P1,2026-07-01,120.12,0.0,34.71,Renewal
C1152,SMB,NA,P1,2026-07-01,71.72,0.0,20.58,Renewal
C1153,Enterprise,NA,P3,2026-07-01,2483.82,0.0,469.81,Renewal
C1154,Mid-Market,EMEA,P2,2026-07-01,521.84,0.0,159.32,Renewal
C1155,Mid-Market,NA,P2,2026-07-01,620.89,0.0,143.97,Renewal
C1156,Mid-Market,NA,P2,2026-07-01,472.46,0.0,101.83,Renewal
C1157,Mid-Market,EMEA,P2,2026-07-01,472.95,0.0,145.03,Renewal
C1158,SMB,EMEA,P1,2026-07-01,93.45,0.0,32.09,Renewal
C1159,Enterprise,NA,P3,2026-07-01,1890.11,0.0,503.17,Renewal
C1160,Mid-Market,EMEA,P2,2026-07-01,569.5,0.0,169.22,Renewal
C1161,SMB,NA,P1,2026-07-01,75.4,-23.31,21.31,Contraction
C1162,SMB,EMEA,P1,2026-07-01,109.19,0.0,23.26,Renewal
C1163,Mid-Market,EMEA,P2,2026-07-01,550.6,0.0,137.11,Renewal
C1164,Mid-Market,NA,P2,2026-07-01,531.09,0.0,129.97,Renewal
C1165,SMB,EMEA,P1,2026-07-01,87.73,0.0,20.96,Renewal
C1166,SMB,APAC,P1,2026-07-01,117.23,0.0,36.17,Renewal
C1167,SMB,NA,P1,2026-07-01,96.85,0.0,26.57,Renewal
C1168,Enterprise,EMEA,P3,2026-07-01,1849.21,0.0,347.84,Renewal
C1169,SMB,EMEA,P1,2026-07-01,85.76,0.0,19.98,Renewal
C1170,SMB,NA,P1,2026-07-01,107.55,0.0,32.53,Renewal
C1171,SMB,NA,P1,2026-07-01,110.98,0.0,23.46,Renewal
C1172,SMB,APAC,P1,2026-07-01,84.81,0.0,27.79,Renewal
C1173,SMB,APAC,P1,2026-07-01,104.43,104.43,28.64,New
C1174,SMB,EMEA,P1,2026-07-01,93.12,93.12,25.34,New
C1175,Enterprise,EMEA,P3,2026-07-01,2216.14,2216.14,530.19,New
C1176,Mid-Market,APAC,P2,2026-07-01,458.95,458.95,137.21,New
C1177,SMB,NA,P1,2026-07-01,111.51,111.51,28.12,New
C1178,SMB,EMEA,P1,2026-07-01,99.46,99.46,30.01,New
C1091,SMB,NA,P1,2026-08-01,88.89,0.0,25.32,Renewal
C1092,SMB,APAC,P1,2026-08-01,98.92,98.92,32.82,Reactivation
C1095,Enterprise,EMEA,P3,2026-08-01,2366.45,0.0,614.67,Renewal
C1096,SMB,EMEA,P1,2026-08-01,108.51,0.0,32.42,Renewal
C1097,Mid-Market,EMEA,P2,2026-08-01,1152.57,0.0,348.16,Renewal
C1098,Mid-Market,NA,P2,2026-08-01,2094.81,554.72,597.03,Expansion
C1101,Enterprise,EMEA,P3,2026-08-01,1255.62,0.0,331.11,Renewal
C1102,Mid-Market,APAC,P2,2026-08-01,631.57,0.0,179.17,Renewal
C1103,SMB,EMEA,P1,2026-08-01,79.48,0.0,24.0,Renewal
C1104,Mid-Market,EMEA,P2,2026-08-01,457.4,0.0,125.43,Renewal
C1105,Mid-Market,NA,P2,2026-08-01,705.41,0.0,204.8,Renewal
C1106,SMB,EMEA,P1,2026-08-01,42.7,0.0,9.56,Renewal
C1107,Enterprise,NA,P3,2026-08-01,3585.22,0.0,961.15,Renewal
C1109,Mid-Market,EMEA,P2,2026-08-01,401.59,0.0,122.33,Renewal
C1110,SMB,EMEA,P1,2026-08-01,0.0,-75.94,0.0,Churn
C1111,Enterprise,NA,P3,2026-08-01,4159.79,1073.31,802.37,Expansion
C1112,Enterprise,APAC,P3,2026-08-01,5005.87,0.0,1068.81,Renewal
C1113,Mid-Market,NA,P2,2026-08-01,767.09,0.0,221.86,Renewal
C1114,SMB,NA,P1,2026-08-01,141.33,0.0,31.67,Renewal
C1116,Enterprise,EMEA,P3,2026-08-01,2833.51,0.0,741.8,Renewal
C1117,SMB,NA,P1,2026-08-01,159.35,-37.86,44.0,Contraction
C1118,SMB,EMEA,P1,2026-08-01,96.15,0.0,19.32,Renewal
C1119,Mid-Market,EMEA,P2,2026-08-01,503.32,0.0,118.0,Renewal
C1120,Enterprise,APAC,P3,2026-08-01,4274.66,948.28,1188.86,Expansion
C1122,SMB,NA,P1,2026-08-01,119.64,0.0,35.27,Renewal
C1123,SMB,EMEA,P1,2026-08-01,141.38,0.0,33.79,Renewal
C1124,SMB,EMEA,P1,2026-08-01,82.4,-26.23,23.15,Contraction
C1125,Enterprise,EMEA,P3,2026-08-01,1524.18,0.0,393.21,Renewal
C1126,SMB,NA,P1,2026-08-01,101.06,0.0,21.83,Renewal
C1127,SMB,EMEA,P1,2026-08-01,0.0,-116.54,0.0,Churn
C1129,Mid-Market,EMEA,P2,2026-08-01,378.85,0.0,100.38,Renewal
C1130,Enterprise,NA,P3,2026-08-01,2108.6,0.0,582.6,Renewal
C1131,Enterprise,EMEA,P3,2026-08-01,2344.33,0.0,502.13,Renewal
C1132,Enterprise,EMEA,P3,2026-08-01,2301.36,0.0,559.83,Renewal
C1134,SMB,NA,P1,2026-08-01,117.08,0.0,39.78,Renewal
C1135,SMB,APAC,P1,2026-08-01,121.49,0.0,26.17,Renewal
C1136,SMB,APAC,P1,2026-08-01,80.89,-16.06,24.52,Contraction
C1137,SMB,NA,P1,2026-08-01,104.69,0.0,22.0,Renewal
C1138,SMB,APAC,P1,2026-08-01,135.73,21.7,41.56,Expansion
C1141,Mid-Market,EMEA,P2,2026-08-01,814.22,0.0,169.42,Renewal
C1142,SMB,APAC,P1,2026-08-01,94.12,0.0,27.04,Renewal
C1143,SMB,NA,P1,2026-08-01,128.32,0.0,32.32,Renewal
C1144,SMB,NA,P1,2026-08-01,96.06,0.0,28.16,Renewal
C1145,Mid-Market,EMEA,P2,2026-08-01,292.63,0.0,60.13,Renewal
C1146,Mid-Market,EMEA,P2,2026-08-01,513.12,0.0,156.29,Renewal
C1148,SMB,EMEA,P1,2026-08-01,0.0,-104.06,0.0,Churn
C1149,SMB,EMEA,P1,2026-08-01,86.19,0.0,29.76,Renewal
C1150,Mid-Market,EMEA,P2,2026-08-01,479.77,0.0,139.11,Renewal
C1151,SMB,NA,P1,2026-08-01,120.12,0.0,26.37,Renewal
C1152,SMB,NA,P1,2026-08-01,71.72,0.0,22.5,Renewal
C1153,Enterprise,NA,P3,2026-08-01,2483.82,0.0,453.19,Renewal
C1154,Mid-Market,EMEA,P2,2026-08-01,521.84,0.0,105.75,Renewal
C1155,Mid-Market,NA,P2,2026-08-01,620.89,0.0,148.29,Renewal
C1156,Mid-Market,NA,P2,2026-08-01,588.97,116.51,172.24,Expansion
C1157,Mid-Market,EMEA,P2,2026-08-01,472.95,0.0,133.37,Renewal
C1158,SMB,EMEA,P1,2026-08-01,93.45,0.0,24.94,Renewal
C1159,Enterprise,NA,P3,2026-08-01,1890.11,0.0,391.94,Renewal
C1160,Mid-Market,EMEA,P2,2026-08-01,569.5,0.0,182.04,Renewal
C1161,SMB,NA,P1,2026-08-01,75.4,0.0,19.9,Renewal
C1162,SMB,EMEA,P1,2026-08-01,109.19,0.0,29.23,Renewal
C1163,Mid-Market,EMEA,P2,2026-08-01,550.6,0.0,120.93,Renewal
C1164,Mid-Market,NA,P2,2026-08-01,531.09,0.0,156.87,Renewal
C1165,SMB,EMEA,P1,2026-08-01,114.76,27.03,26.75,Expansion
C1166,SMB,APAC,P1,2026-08-01,117.23,0.0,24.89,Renewal
C1167,SMB,NA,P1,2026-08-01,96.85,0.0,29.26,Renewal
C1168,Enterprise,EMEA,P3,2026-08-01,1849.21,0.0,453.89,Renewal
C1169,SMB,EMEA,P1,2026-08-01,101.37,15.61,34.73,Expansion
C1170,SMB,NA,P1,2026-08-01,107.55,0.0,23.95,Renewal
C1171,SMB,NA,P1,2026-08-01,136.47,25.49,46.61,Expansion
C1172,SMB,APAC,P1,2026-08-01,84.81,0.0,22.3,Renewal
C1173,SMB,APAC,P1,2026-08-01,104.43,0.0,30.89,Renewal
C1174,SMB,EMEA,P1,2026-08-01,93.12,0.0,24.18,Renewal
C1175,Enterprise,EMEA,P3,2026-08-01,2216.14,0.0,459.68,Renewal
C1176,Mid-Market,APAC,P2,2026-08-01,458.95,0.0,145.98,Renewal
C1177,SMB,NA,P1,2026-08-01,111.51,0.0,29.15,Renewal
C1178,SMB,EMEA,P1,2026-08-01,99.46,0.0,33.23,Renewal
C1179,SMB,EMEA,P1,2026-08-01,121.24,121.24,28.43,New
C1180,SMB,EMEA,P1,2026-08-01,89.6,89.6,20.78,New
C1181,SMB,EMEA,P1,2026-08-01,97.66,97.66,19.99,New
C1182,SMB,NA,P1,2026-08-01,88.64,88.64,26.39,New
C1183,Mid-Market,EMEA,P2,2026-08-01,608.72,608.72,148.66,New
